-- MySQL dump 10.13  Distrib 8.0.29, for Win64 (x86_64)
--
-- Host: k7d202.p.ssafy.io    Database: koflowa
-- ------------------------------------------------------
-- Server version	8.0.31

/*!40101 SET @OLD_CHARACTER_SET_CLIENT=@@CHARACTER_SET_CLIENT */;
/*!40101 SET @OLD_CHARACTER_SET_RESULTS=@@CHARACTER_SET_RESULTS */;
/*!40101 SET @OLD_COLLATION_CONNECTION=@@COLLATION_CONNECTION */;
/*!50503 SET NAMES utf8 */;
/*!40103 SET @OLD_TIME_ZONE=@@TIME_ZONE */;
/*!40103 SET TIME_ZONE='+00:00' */;
/*!40014 SET @OLD_UNIQUE_CHECKS=@@UNIQUE_CHECKS, UNIQUE_CHECKS=0 */;
/*!40014 SET @OLD_FOREIGN_KEY_CHECKS=@@FOREIGN_KEY_CHECKS, FOREIGN_KEY_CHECKS=0 */;
/*!40101 SET @OLD_SQL_MODE=@@SQL_MODE, SQL_MODE='NO_AUTO_VALUE_ON_ZERO' */;
/*!40111 SET @OLD_SQL_NOTES=@@SQL_NOTES, SQL_NOTES=0 */;

--
-- Table structure for table `answer`
--

DROP TABLE IF EXISTS `answer`;
/*!40101 SET @saved_cs_client     = @@character_set_client */;
/*!50503 SET character_set_client = utf8mb4 */;
CREATE TABLE `answer` (
  `answer_seq` bigint unsigned NOT NULL AUTO_INCREMENT,
  `created_time` datetime(6) DEFAULT NULL,
  `modified_time` datetime(6) DEFAULT NULL,
  `answer_accept` bit(1) DEFAULT NULL,
  `answer_content` longtext COLLATE utf8mb4_unicode_ci,
  `down` bigint unsigned DEFAULT '0',
  `up` bigint unsigned DEFAULT '0',
  `question_seq` bigint unsigned DEFAULT NULL,
  `user` bigint unsigned DEFAULT NULL,
  PRIMARY KEY (`answer_seq`),
  KEY `FK1k9vsittgtmm3qixxtegr1wsu` (`question_seq`),
  KEY `FKk0sy8p4oyfsyydh9lsm56hxbj` (`user`),
  CONSTRAINT `FK1k9vsittgtmm3qixxtegr1wsu` FOREIGN KEY (`question_seq`) REFERENCES `question` (`question_seq`),
  CONSTRAINT `FKk0sy8p4oyfsyydh9lsm56hxbj` FOREIGN KEY (`user`) REFERENCES `user` (`user_seq`)
) ENGINE=InnoDB AUTO_INCREMENT=18 DEFAULT CHARSET=utf8mb4 COLLATE=utf8mb4_unicode_ci;
/*!40101 SET character_set_client = @saved_cs_client */;

--
-- Dumping data for table `answer`
--

LOCK TABLES `answer` WRITE;
/*!40000 ALTER TABLE `answer` DISABLE KEYS */;
INSERT INTO `answer` VALUES (1,'2022-11-20 15:53:16.430541','2022-11-20 18:43:48.085116',NULL,'<p>자문자답합니다.</p>\n<p>파이썬을 사용할 경우</p>\n<ol>\n  <li>애플리케이션 개발이 더 빠르고 쉽습니다.</li>\n  <li>데이터 분석 / 머신 러닝 / 수학 집약적 애플리케이션을 포함한 모든 종류의 애플리케이션 개발을위한 광범위한 모듈을 지원합니다.</li>\n</ol>\n<p>^____^</p>',NULL,2,1,1),(2,'2022-11-20 23:05:26.641314','2022-11-20 23:06:31.124700',NULL,'<p>잠시만요&nbsp;</p>',NULL,1,2,6),(3,'2022-11-20 23:06:22.428512','2022-11-20 23:06:22.428512',NULL,'<p><strong>답변입니다&nbsp;</strong></p>',NULL,NULL,2,6),(4,'2022-11-20 23:24:06.726911','2022-11-20 23:24:06.726911',NULL,'<p>ㅎㅇㅎ</p>',NULL,NULL,6,3),(5,'2022-11-20 23:24:15.033495','2022-11-20 23:24:15.033495',NULL,'<p>ㅎㅇ ㅎㅇ&nbsp;</p>',NULL,NULL,6,3),(6,'2022-11-20 23:34:41.237366','2022-11-20 23:34:41.237366',NULL,'<p>ㅎㅎㅎ</p>',NULL,NULL,7,1),(7,'2022-11-20 23:35:16.908643','2022-11-20 23:35:16.908643',NULL,'<p>쫒기는 사슴메타로 가겠습니</p>',NULL,NULL,7,4),(8,'2022-11-20 23:35:23.952172','2022-11-20 23:35:23.952172',NULL,'<p>다&nbsp;</p>',NULL,NULL,6,1),(9,'2022-11-20 23:35:37.987914','2022-11-20 23:35:37.987914',NULL,'<p>다&nbsp;</p>',NULL,NULL,7,1),(10,'2022-11-21 00:19:29.666962','2022-11-21 00:19:51.873124',_binary '','<p>아 이부분은 제가 잘 알고 잇습니</p>',NULL,NULL,11,4),(11,'2022-11-21 00:19:33.384647','2022-11-21 00:19:33.384647',NULL,'<p>취업 화이팅~</p>',NULL,NULL,8,3),(12,'2022-11-21 00:57:22.425105','2022-11-21 00:57:22.425105',NULL,'<p>잘 다녀갑니다&nbsp;</p>',NULL,NULL,12,3),(13,'2022-11-21 00:57:33.732349','2022-11-21 00:57:47.163621',_binary '','<p>이부분은요 &nbsp;</p>\n<pre><code>@Override 부분을 제거하면 됩니다(?)</code></pre>',NULL,NULL,13,4),(14,'2022-11-21 01:13:25.616790','2022-11-21 01:13:25.616790',NULL,'<p>어허&nbsp;</p>',NULL,NULL,14,3),(15,'2022-11-21 01:13:32.659768','2022-11-21 01:29:19.627087',_binary '\0','<p>이부분은 오류를 봐야 알수 있을거 같습니다</p>\n<p><br></p>',NULL,NULL,15,4),(16,'2022-11-21 01:29:02.140153','2022-11-21 01:29:02.140153',NULL,'<p>에</p>',NULL,NULL,14,3),(17,'2022-11-21 01:29:07.619770','2022-11-21 01:29:19.626891',_binary '','<p>이부분은우선코드를봐야알수있을거같습니다&nbsp;</p>',NULL,NULL,15,4);
/*!40000 ALTER TABLE `answer` ENABLE KEYS */;
UNLOCK TABLES;

--
-- Table structure for table `answer_updown`
--

DROP TABLE IF EXISTS `answer_updown`;
/*!40101 SET @saved_cs_client     = @@character_set_client */;
/*!50503 SET character_set_client = utf8mb4 */;
CREATE TABLE `answer_updown` (
  `answer_updown_seq` bigint unsigned NOT NULL AUTO_INCREMENT,
  `answer_updown_type` varchar(255) COLLATE utf8mb4_unicode_ci DEFAULT NULL,
  `answer_seq` bigint unsigned DEFAULT NULL,
  `user_seq` bigint unsigned DEFAULT NULL,
  PRIMARY KEY (`answer_updown_seq`),
  KEY `FKa75p8nvam0til0fpbkeqgb4f5` (`answer_seq`),
  KEY `FKt342pii7wfvihx16auwcvq7b` (`user_seq`),
  CONSTRAINT `FKa75p8nvam0til0fpbkeqgb4f5` FOREIGN KEY (`answer_seq`) REFERENCES `answer` (`answer_seq`),
  CONSTRAINT `FKt342pii7wfvihx16auwcvq7b` FOREIGN KEY (`user_seq`) REFERENCES `user` (`user_seq`)
) ENGINE=InnoDB AUTO_INCREMENT=5 DEFAULT CHARSET=utf8mb4 COLLATE=utf8mb4_unicode_ci;
/*!40101 SET character_set_client = @saved_cs_client */;

--
-- Dumping data for table `answer_updown`
--

LOCK TABLES `answer_updown` WRITE;
/*!40000 ALTER TABLE `answer_updown` DISABLE KEYS */;
INSERT INTO `answer_updown` VALUES (1,'UP',1,1),(2,'UP',1,4),(4,'UP',2,6);
/*!40000 ALTER TABLE `answer_updown` ENABLE KEYS */;
UNLOCK TABLES;

--
-- Table structure for table `comment`
--

DROP TABLE IF EXISTS `comment`;
/*!40101 SET @saved_cs_client     = @@character_set_client */;
/*!50503 SET character_set_client = utf8mb4 */;
CREATE TABLE `comment` (
  `comment_seq` bigint unsigned NOT NULL AUTO_INCREMENT,
  `created_time` datetime(6) DEFAULT NULL,
  `modified_time` datetime(6) DEFAULT NULL,
  `board_seq` bigint unsigned DEFAULT NULL,
  `comment_content` varchar(500) COLLATE utf8mb4_unicode_ci DEFAULT NULL,
  `comment_type` varchar(10) COLLATE utf8mb4_unicode_ci DEFAULT NULL,
  `user_seq` bigint unsigned DEFAULT NULL,
  PRIMARY KEY (`comment_seq`),
  KEY `FKm3lbksc4vex8fh6ihx90wcb3b` (`user_seq`),
  CONSTRAINT `FKm3lbksc4vex8fh6ihx90wcb3b` FOREIGN KEY (`user_seq`) REFERENCES `user` (`user_seq`)
) ENGINE=InnoDB DEFAULT CHARSET=utf8mb4 COLLATE=utf8mb4_unicode_ci;
/*!40101 SET character_set_client = @saved_cs_client */;

--
-- Dumping data for table `comment`
--

LOCK TABLES `comment` WRITE;
/*!40000 ALTER TABLE `comment` DISABLE KEYS */;
/*!40000 ALTER TABLE `comment` ENABLE KEYS */;
UNLOCK TABLES;

--
-- Table structure for table `message`
--

DROP TABLE IF EXISTS `message`;
/*!40101 SET @saved_cs_client     = @@character_set_client */;
/*!50503 SET character_set_client = utf8mb4 */;
CREATE TABLE `message` (
  `message_seq` bigint unsigned NOT NULL AUTO_INCREMENT,
  `created_time` datetime(6) DEFAULT NULL,
  `modified_time` datetime(6) DEFAULT NULL,
  `content` varchar(255) COLLATE utf8mb4_unicode_ci DEFAULT NULL,
  `session_code` int DEFAULT NULL,
  `room_seq` bigint unsigned DEFAULT NULL,
  `user_seq` bigint unsigned DEFAULT NULL,
  PRIMARY KEY (`message_seq`),
  KEY `FKa0jym95inaean8nirqoa1lw6h` (`room_seq`),
  KEY `FKr7gowok2rltxuwg06nrs88xtt` (`user_seq`),
  CONSTRAINT `FKa0jym95inaean8nirqoa1lw6h` FOREIGN KEY (`room_seq`) REFERENCES `room` (`room_seq`),
  CONSTRAINT `FKr7gowok2rltxuwg06nrs88xtt` FOREIGN KEY (`user_seq`) REFERENCES `user` (`user_seq`)
) ENGINE=InnoDB AUTO_INCREMENT=94 DEFAULT CHARSET=utf8mb4 COLLATE=utf8mb4_unicode_ci;
/*!40101 SET character_set_client = @saved_cs_client */;

--
-- Dumping data for table `message`
--

LOCK TABLES `message` WRITE;
/*!40000 ALTER TABLE `message` DISABLE KEYS */;
INSERT INTO `message` VALUES (1,'2022-11-20 22:02:07.615560','2022-11-20 22:02:07.615560','ㅗ허허ㅗ',0,3,6),(2,'2022-11-20 22:02:13.291374','2022-11-20 22:02:13.291374','허ㅗ호',0,3,6),(3,'2022-11-20 22:02:53.005351','2022-11-20 22:02:53.005351','ㄴㅇㅇㅁㄴ',0,3,6),(4,'2022-11-20 22:02:57.570875','2022-11-20 22:02:57.570875','ㅇㅁㄴㅇㄴㅁ',0,3,6),(5,'2022-11-20 22:03:07.422329','2022-11-20 22:03:07.422329','ㅇㄴㅁㅇㄴㅁㅇ',0,3,6),(6,'2022-11-20 22:04:41.796428','2022-11-20 22:04:41.796428','ㅇㄴㅁㅇㅁㄴㅇㅁㄴ',0,3,6),(7,'2022-11-20 22:05:07.620788','2022-11-20 22:05:07.620788','ㅗㅓ허',0,3,6),(8,'2022-11-20 22:05:52.254089','2022-11-20 22:05:52.254089','ㅇㅁㄴㅇㅁㄴㅇ',0,3,6),(9,'2022-11-20 22:26:21.337629','2022-11-20 22:26:21.337629','yosh97970tsi03137',1,3,6),(10,'2022-11-20 22:34:02.743193','2022-11-20 22:34:02.743193','ㄴㅁㅇㅁㄴㅇ',0,3,6),(11,'2022-11-20 22:59:44.073543','2022-11-20 22:59:44.073543','안녕하세요',0,6,6),(12,'2022-11-20 22:59:51.465746','2022-11-20 22:59:51.465746','안녕하세요~',0,6,3),(13,'2022-11-20 23:00:21.698663','2022-11-20 23:00:21.698663','반갑습니다',0,6,6),(14,'2022-11-20 23:00:26.889453','2022-11-20 23:00:26.889453','혹시 계신가요',0,6,6),(15,'2022-11-20 23:00:33.986762','2022-11-20 23:00:33.986762','네 자리에 있습니다~',0,6,3),(16,'2022-11-20 23:00:50.053566','2022-11-20 23:00:50.053566','다시한번 답변부탁드립니다',0,6,6),(17,'2022-11-20 23:00:54.705677','2022-11-20 23:00:54.705677','ㅠㅠ',0,6,6),(18,'2022-11-20 23:00:56.979775','2022-11-20 23:00:56.979775','자리에 있어요~',0,6,3),(19,'2022-11-20 23:01:04.384629','2022-11-20 23:01:04.384629','굿',0,6,6),(20,'2022-11-20 23:01:07.366737','2022-11-20 23:01:07.366737','굳',0,6,3),(21,'2022-11-20 23:08:39.821204','2022-11-20 23:08:39.821204','안녕하세요',0,3,6),(22,'2022-11-20 23:08:51.957494','2022-11-20 23:08:51.957494','yosh97970tsi03137',1,3,6),(23,'2022-11-20 23:11:08.151066','2022-11-20 23:11:08.151066','.',0,3,6),(24,'2022-11-20 23:11:08.354861','2022-11-20 23:11:08.354861','.',0,3,6),(25,'2022-11-20 23:11:08.585812','2022-11-20 23:11:08.585812','.',0,3,6),(26,'2022-11-20 23:11:08.762560','2022-11-20 23:11:08.762560','.',0,3,6),(27,'2022-11-20 23:11:08.925571','2022-11-20 23:11:08.925571','.',0,3,6),(28,'2022-11-20 23:11:09.085088','2022-11-20 23:11:09.085088','.',0,3,6),(29,'2022-11-20 23:11:09.237013','2022-11-20 23:11:09.237013','.',0,3,6),(30,'2022-11-20 23:11:09.382832','2022-11-20 23:11:09.382832','.',0,3,6),(31,'2022-11-20 23:11:09.541009','2022-11-20 23:11:09.541009','.',0,3,6),(32,'2022-11-20 23:11:09.807344','2022-11-20 23:11:09.807344','..',0,3,6),(33,'2022-11-20 23:11:10.128784','2022-11-20 23:11:10.128784','.',0,3,6),(34,'2022-11-20 23:11:10.283195','2022-11-20 23:11:10.283195','.',0,3,6),(35,'2022-11-20 23:11:10.429114','2022-11-20 23:11:10.429114','.',0,3,6),(36,'2022-11-20 23:11:10.733689','2022-11-20 23:11:10.733689','..',0,3,6),(37,'2022-11-20 23:11:11.138137','2022-11-20 23:11:11.138137','.',0,3,6),(38,'2022-11-20 23:11:11.312814','2022-11-20 23:11:11.312814','.',0,3,6),(39,'2022-11-20 23:11:14.350253','2022-11-20 23:11:14.350253','안녕하세요',0,3,6),(40,'2022-11-20 23:12:04.265047','2022-11-20 23:12:04.265047','ㅎㅇㅎㅇ',0,1,1),(41,'2022-11-20 23:12:11.360922','2022-11-20 23:12:11.360922','^-^',0,4,1),(42,'2022-11-20 23:12:33.233002','2022-11-20 23:12:33.233002','ㅇㄴㅁㅇㄴㅁㅇ',0,7,6),(43,'2022-11-20 23:12:53.438521','2022-11-20 23:12:53.438521','yosh97970sw133v',1,7,6),(44,'2022-11-20 23:27:05.315914','2022-11-20 23:27:05.315914','안녕하세요',0,6,3),(45,'2022-11-20 23:27:07.955253','2022-11-20 23:27:07.955253','네',0,6,6),(46,'2022-11-20 23:27:13.880925','2022-11-20 23:27:13.880925','도움!',0,6,3),(47,'2022-11-20 23:27:16.336717','2022-11-20 23:27:16.336717','yosh97970ljjuni1114',1,6,3),(48,'2022-11-20 23:31:26.191023','2022-11-20 23:31:26.191023','?보내기',0,9,4),(49,'2022-11-20 23:31:39.346927','2022-11-20 23:31:39.346927','이게 뭘까요?',0,9,4),(50,'2022-11-20 23:31:40.040985','2022-11-20 23:31:40.040985','tsi03137sw133v',1,9,4),(51,'2022-11-20 23:32:23.133205','2022-11-20 23:32:23.133205','오 잘 됩니다',0,10,3),(52,'2022-11-20 23:32:30.927212','2022-11-20 23:32:30.927212','잘 되네요',0,6,3),(53,'2022-11-20 23:33:34.137279','2022-11-20 23:33:34.137279','안녕하세요',0,11,3),(54,'2022-11-20 23:53:57.431303','2022-11-20 23:53:57.431303','안녕하세요',0,12,3),(55,'2022-11-20 23:53:59.872867','2022-11-20 23:53:59.872867','도움!',0,12,3),(56,'2022-11-20 23:54:02.195272','2022-11-20 23:54:02.195272','sw133vljjuni1114',1,12,3),(57,'2022-11-20 23:54:11.726814','2022-11-20 23:54:11.726814','지금 도와드리겠습니다!',0,12,4),(58,'2022-11-20 23:59:44.016202','2022-11-20 23:59:44.016202','안녕못한데유?',0,11,5),(59,'2022-11-20 23:59:49.628894','2022-11-20 23:59:49.628894','ㅎㅇㅎㅇ',0,3,5),(60,'2022-11-21 00:00:08.475718','2022-11-21 00:00:08.475718','이면삼면',0,8,5),(61,'2022-11-21 00:00:52.539703','2022-11-21 00:00:52.539703','닭강정하면 중앙로 닭강정!',0,13,5),(62,'2022-11-21 00:31:41.952597','2022-11-21 00:31:41.952597','안녕하세요 잘 계신가요??',0,6,6),(63,'2022-11-21 00:31:48.601230','2022-11-21 00:31:48.601230','안녕하세요 잘 살고 있습니다',0,6,3),(64,'2022-11-21 00:33:02.841428','2022-11-21 00:33:02.841428','물어볼게있습니다.',0,6,6),(65,'2022-11-21 00:33:03.081847','2022-11-21 00:33:03.081847','언제든지 물어보세요',0,6,3),(66,'2022-11-21 00:33:26.590243','2022-11-21 00:33:26.590243','제가 파이썬에 대해 고민중인데요',0,6,6),(67,'2022-11-21 00:33:27.727348','2022-11-21 00:33:27.727348','말해보세요',0,6,3),(68,'2022-11-21 00:58:43.153970','2022-11-21 00:58:43.153970','hi',0,12,3),(69,'2022-11-21 00:58:53.838495','2022-11-21 00:58:53.838495','네 안녕하세요',0,12,4),(70,'2022-11-21 00:59:00.283624','2022-11-21 00:59:00.283624','도움!',0,12,3),(71,'2022-11-21 00:59:04.926634','2022-11-21 00:59:04.926634','sw133vljjuni1114',1,12,3),(72,'2022-11-21 00:59:22.334917','2022-11-21 00:59:22.334917','네 가능합니다',0,12,4),(73,'2022-11-21 01:07:22.774959','2022-11-21 01:07:22.774959','안녕하세요~',0,12,3),(74,'2022-11-21 01:07:28.164357','2022-11-21 01:07:28.164357','네 안녕하세요',0,12,4),(75,'2022-11-21 01:07:30.447193','2022-11-21 01:07:30.447193','도움!',0,12,3),(76,'2022-11-21 01:07:32.093460','2022-11-21 01:07:32.093460','sw133vljjuni1114',1,12,3),(77,'2022-11-21 01:07:40.384699','2022-11-21 01:07:40.384699','네 도와드릴게요',0,12,4),(78,'2022-11-21 01:14:30.919478','2022-11-21 01:14:30.919478','안녕하세요',0,12,3),(79,'2022-11-21 01:14:35.067229','2022-11-21 01:14:35.067229','계신가요',0,12,3),(80,'2022-11-21 01:14:35.664848','2022-11-21 01:14:35.664848','네 안녕하세요',0,12,4),(81,'2022-11-21 01:14:39.026740','2022-11-21 01:14:39.026740','도움!',0,12,3),(82,'2022-11-21 01:14:42.128446','2022-11-21 01:14:42.128446','sw133vljjuni1114',1,12,3),(83,'2022-11-21 01:14:46.303533','2022-11-21 01:14:46.303533','넵 도와드리도록 하겠습니다',0,12,4),(84,'2022-11-21 01:21:37.044256','2022-11-21 01:21:37.044256','안녕하세요',0,12,3),(85,'2022-11-21 01:21:54.817707','2022-11-21 01:21:54.817707','네 안녕하세요!',0,12,4),(86,'2022-11-21 01:21:58.541211','2022-11-21 01:21:58.541211','도움!',0,12,3),(87,'2022-11-21 01:21:59.910656','2022-11-21 01:21:59.910656','sw133vljjuni1114',1,12,3),(88,'2022-11-21 01:22:20.179597','2022-11-21 01:22:20.179597','네 도와드릴게요',0,12,4),(89,'2022-11-21 01:30:05.942910','2022-11-21 01:30:05.942910','안녕하세요!',0,12,3),(90,'2022-11-21 01:30:10.170522','2022-11-21 01:30:10.170522','네 안녕하세요!',0,12,4),(91,'2022-11-21 01:30:12.642356','2022-11-21 01:30:12.642356','도움!',0,12,3),(92,'2022-11-21 01:30:14.029257','2022-11-21 01:30:14.029257','sw133vljjuni1114',1,12,3),(93,'2022-11-21 01:30:21.317482','2022-11-21 01:30:21.317482','네 도와드리도록 하겠습니다',0,12,4);
/*!40000 ALTER TABLE `message` ENABLE KEYS */;
UNLOCK TABLES;

--
-- Table structure for table `message_log`
--

DROP TABLE IF EXISTS `message_log`;
/*!40101 SET @saved_cs_client     = @@character_set_client */;
/*!50503 SET character_set_client = utf8mb4 */;
CREATE TABLE `message_log` (
  `message_log_seq` bigint unsigned NOT NULL AUTO_INCREMENT,
  `created_time` datetime(6) DEFAULT NULL,
  `status` varchar(7) COLLATE utf8mb4_unicode_ci DEFAULT NULL,
  `user_seq` bigint DEFAULT NULL,
  `message_seq` bigint unsigned DEFAULT NULL,
  `room_seq` bigint unsigned DEFAULT NULL,
  PRIMARY KEY (`message_log_seq`),
  KEY `FKfq93grafwvmtab3n4hcm3fn18` (`message_seq`),
  KEY `FKsg0iq0sv9n4ftgo0yln2r49fm` (`room_seq`),
  CONSTRAINT `FKfq93grafwvmtab3n4hcm3fn18` FOREIGN KEY (`message_seq`) REFERENCES `message` (`message_seq`),
  CONSTRAINT `FKsg0iq0sv9n4ftgo0yln2r49fm` FOREIGN KEY (`room_seq`) REFERENCES `room` (`room_seq`)
) ENGINE=InnoDB AUTO_INCREMENT=187 DEFAULT CHARSET=utf8mb4 COLLATE=utf8mb4_unicode_ci;
/*!40101 SET character_set_client = @saved_cs_client */;

--
-- Dumping data for table `message_log`
--

LOCK TABLES `message_log` WRITE;
/*!40000 ALTER TABLE `message_log` DISABLE KEYS */;
INSERT INTO `message_log` VALUES (1,'2022-11-20 22:02:07.624086','CHECKED',6,1,3),(2,'2022-11-20 22:02:07.628033','CHECKED',5,1,3),(3,'2022-11-20 22:02:13.293148','CHECKED',6,2,3),(4,'2022-11-20 22:02:13.294404','CHECKED',5,2,3),(5,'2022-11-20 22:02:53.007037','CHECKED',6,3,3),(6,'2022-11-20 22:02:53.008377','CHECKED',5,3,3),(7,'2022-11-20 22:02:57.572411','CHECKED',6,4,3),(8,'2022-11-20 22:02:57.573642','CHECKED',5,4,3),(9,'2022-11-20 22:03:07.423889','CHECKED',6,5,3),(10,'2022-11-20 22:03:07.425119','CHECKED',5,5,3),(11,'2022-11-20 22:04:41.798145','CHECKED',6,6,3),(12,'2022-11-20 22:04:41.799397','CHECKED',5,6,3),(13,'2022-11-20 22:05:07.622405','CHECKED',6,7,3),(14,'2022-11-20 22:05:07.623710','CHECKED',5,7,3),(15,'2022-11-20 22:05:52.256107','CHECKED',6,8,3),(16,'2022-11-20 22:05:52.257646','CHECKED',5,8,3),(17,'2022-11-20 22:26:21.339294','CHECKED',6,9,3),(18,'2022-11-20 22:26:21.340455','CHECKED',5,9,3),(19,'2022-11-20 22:34:02.744785','CHECKED',6,10,3),(20,'2022-11-20 22:34:02.745965','CHECKED',5,10,3),(21,'2022-11-20 22:59:44.075221','CHECKED',6,11,6),(22,'2022-11-20 22:59:44.076536','CHECKED',3,11,6),(23,'2022-11-20 22:59:51.467232','CHECKED',3,12,6),(24,'2022-11-20 22:59:51.468379','CHECKED',6,12,6),(25,'2022-11-20 23:00:21.700243','CHECKED',6,13,6),(26,'2022-11-20 23:00:21.701405','CHECKED',3,13,6),(27,'2022-11-20 23:00:26.891068','CHECKED',6,14,6),(28,'2022-11-20 23:00:26.892296','CHECKED',3,14,6),(29,'2022-11-20 23:00:33.988382','CHECKED',3,15,6),(30,'2022-11-20 23:00:33.990334','CHECKED',6,15,6),(31,'2022-11-20 23:00:50.055040','CHECKED',6,16,6),(32,'2022-11-20 23:00:50.056118','CHECKED',3,16,6),(33,'2022-11-20 23:00:54.707560','CHECKED',6,17,6),(34,'2022-11-20 23:00:54.709000','CHECKED',3,17,6),(35,'2022-11-20 23:00:56.981329','CHECKED',3,18,6),(36,'2022-11-20 23:00:56.982552','CHECKED',6,18,6),(37,'2022-11-20 23:01:04.386153','CHECKED',6,19,6),(38,'2022-11-20 23:01:04.387352','CHECKED',3,19,6),(39,'2022-11-20 23:01:07.368310','CHECKED',3,20,6),(40,'2022-11-20 23:01:07.369559','CHECKED',6,20,6),(41,'2022-11-20 23:08:39.822615','CHECKED',6,21,3),(42,'2022-11-20 23:08:39.824063','CHECKED',5,21,3),(43,'2022-11-20 23:08:51.958930','CHECKED',6,22,3),(44,'2022-11-20 23:08:51.960029','CHECKED',5,22,3),(45,'2022-11-20 23:11:08.152499','CHECKED',6,23,3),(46,'2022-11-20 23:11:08.153645','CHECKED',5,23,3),(47,'2022-11-20 23:11:08.356252','CHECKED',6,24,3),(48,'2022-11-20 23:11:08.357452','CHECKED',5,24,3),(49,'2022-11-20 23:11:08.587276','CHECKED',6,25,3),(50,'2022-11-20 23:11:08.588404','CHECKED',5,25,3),(51,'2022-11-20 23:11:08.764112','CHECKED',6,26,3),(52,'2022-11-20 23:11:08.765261','CHECKED',5,26,3),(53,'2022-11-20 23:11:08.927077','CHECKED',6,27,3),(54,'2022-11-20 23:11:08.928206','CHECKED',5,27,3),(55,'2022-11-20 23:11:09.086495','CHECKED',6,28,3),(56,'2022-11-20 23:11:09.087629','CHECKED',5,28,3),(57,'2022-11-20 23:11:09.238358','CHECKED',6,29,3),(58,'2022-11-20 23:11:09.239474','CHECKED',5,29,3),(59,'2022-11-20 23:11:09.384217','CHECKED',6,30,3),(60,'2022-11-20 23:11:09.385458','CHECKED',5,30,3),(61,'2022-11-20 23:11:09.542443','CHECKED',6,31,3),(62,'2022-11-20 23:11:09.543539','CHECKED',5,31,3),(63,'2022-11-20 23:11:09.808775','CHECKED',6,32,3),(64,'2022-11-20 23:11:09.809946','CHECKED',5,32,3),(65,'2022-11-20 23:11:10.130172','CHECKED',6,33,3),(66,'2022-11-20 23:11:10.131288','CHECKED',5,33,3),(67,'2022-11-20 23:11:10.284669','CHECKED',6,34,3),(68,'2022-11-20 23:11:10.285857','CHECKED',5,34,3),(69,'2022-11-20 23:11:10.430561','CHECKED',6,35,3),(70,'2022-11-20 23:11:10.431682','CHECKED',5,35,3),(71,'2022-11-20 23:11:10.735162','CHECKED',6,36,3),(72,'2022-11-20 23:11:10.736354','CHECKED',5,36,3),(73,'2022-11-20 23:11:11.139569','CHECKED',6,37,3),(74,'2022-11-20 23:11:11.140662','CHECKED',5,37,3),(75,'2022-11-20 23:11:11.314313','CHECKED',6,38,3),(76,'2022-11-20 23:11:11.315443','CHECKED',5,38,3),(77,'2022-11-20 23:11:14.351808','CHECKED',6,39,3),(78,'2022-11-20 23:11:14.353013','CHECKED',5,39,3),(79,'2022-11-20 23:12:04.266520','CHECKED',1,40,1),(80,'2022-11-20 23:12:04.267626','WAIT',2,40,1),(81,'2022-11-20 23:12:11.362515','CHECKED',1,41,4),(82,'2022-11-20 23:12:11.363645','CHECKED',6,41,4),(83,'2022-11-20 23:12:33.234372','CHECKED',6,42,7),(84,'2022-11-20 23:12:33.235469','CHECKED',4,42,7),(85,'2022-11-20 23:12:53.440254','CHECKED',6,43,7),(86,'2022-11-20 23:12:53.441414','CHECKED',4,43,7),(87,'2022-11-20 23:27:05.317311','CHECKED',3,44,6),(88,'2022-11-20 23:27:05.318340','CHECKED',6,44,6),(89,'2022-11-20 23:27:07.956906','CHECKED',6,45,6),(90,'2022-11-20 23:27:07.958083','CHECKED',3,45,6),(91,'2022-11-20 23:27:13.882395','CHECKED',3,46,6),(92,'2022-11-20 23:27:13.883436','CHECKED',6,46,6),(93,'2022-11-20 23:27:16.338061','CHECKED',3,47,6),(94,'2022-11-20 23:27:16.339128','CHECKED',6,47,6),(95,'2022-11-20 23:31:26.192390','CHECKED',4,48,9),(96,'2022-11-20 23:31:26.193544','CHECKED',5,48,9),(97,'2022-11-20 23:31:39.348319','CHECKED',4,49,9),(98,'2022-11-20 23:31:39.349761','CHECKED',5,49,9),(99,'2022-11-20 23:31:40.042249','CHECKED',4,50,9),(100,'2022-11-20 23:31:40.043257','CHECKED',5,50,9),(101,'2022-11-20 23:32:23.134558','CHECKED',3,51,10),(102,'2022-11-20 23:32:23.135813','WAIT',1,51,10),(103,'2022-11-20 23:32:30.928589','CHECKED',3,52,6),(104,'2022-11-20 23:32:30.929666','CHECKED',6,52,6),(105,'2022-11-20 23:33:34.138703','CHECKED',3,53,11),(106,'2022-11-20 23:33:34.139794','CHECKED',5,53,11),(107,'2022-11-20 23:53:57.432646','CHECKED',3,54,12),(108,'2022-11-20 23:53:57.433677','CHECKED',4,54,12),(109,'2022-11-20 23:53:59.874267','CHECKED',3,55,12),(110,'2022-11-20 23:53:59.875360','CHECKED',4,55,12),(111,'2022-11-20 23:54:02.197433','CHECKED',3,56,12),(112,'2022-11-20 23:54:02.198615','CHECKED',4,56,12),(113,'2022-11-20 23:54:11.728231','CHECKED',4,57,12),(114,'2022-11-20 23:54:11.729329','CHECKED',3,57,12),(115,'2022-11-20 23:59:44.048464','CHECKED',5,58,11),(116,'2022-11-20 23:59:44.059486','CHECKED',3,58,11),(117,'2022-11-20 23:59:49.649773','CHECKED',5,59,3),(118,'2022-11-20 23:59:49.663538','WAIT',6,59,3),(119,'2022-11-21 00:00:08.485966','CHECKED',5,60,8),(120,'2022-11-21 00:00:08.495325','WAIT',1,60,8),(121,'2022-11-21 00:00:52.552717','CHECKED',5,61,13),(122,'2022-11-21 00:00:52.561803','WAIT',2,61,13),(123,'2022-11-21 00:31:41.965016','CHECKED',6,62,6),(124,'2022-11-21 00:31:41.983511','CHECKED',3,62,6),(125,'2022-11-21 00:31:48.605164','CHECKED',3,63,6),(126,'2022-11-21 00:31:48.606738','WAIT',6,63,6),(127,'2022-11-21 00:33:02.843032','CHECKED',6,64,6),(128,'2022-11-21 00:33:02.844377','WAIT',3,64,6),(129,'2022-11-21 00:33:03.083520','CHECKED',3,65,6),(130,'2022-11-21 00:33:03.084916','WAIT',6,65,6),(131,'2022-11-21 00:33:26.591904','CHECKED',6,66,6),(132,'2022-11-21 00:33:26.593072','WAIT',3,66,6),(133,'2022-11-21 00:33:27.729016','CHECKED',3,67,6),(134,'2022-11-21 00:33:27.730198','WAIT',6,67,6),(135,'2022-11-21 00:58:43.155475','CHECKED',3,68,12),(136,'2022-11-21 00:58:43.156663','CHECKED',4,68,12),(137,'2022-11-21 00:58:53.840877','CHECKED',4,69,12),(138,'2022-11-21 00:58:53.842247','CHECKED',3,69,12),(139,'2022-11-21 00:59:00.285209','CHECKED',3,70,12),(140,'2022-11-21 00:59:00.286379','CHECKED',4,70,12),(141,'2022-11-21 00:59:04.928447','CHECKED',3,71,12),(142,'2022-11-21 00:59:04.929726','CHECKED',4,71,12),(143,'2022-11-21 00:59:22.336395','CHECKED',4,72,12),(144,'2022-11-21 00:59:22.337527','CHECKED',3,72,12),(145,'2022-11-21 01:07:22.776433','CHECKED',3,73,12),(146,'2022-11-21 01:07:22.777544','CHECKED',4,73,12),(147,'2022-11-21 01:07:28.165998','CHECKED',4,74,12),(148,'2022-11-21 01:07:28.167411','CHECKED',3,74,12),(149,'2022-11-21 01:07:30.448742','CHECKED',3,75,12),(150,'2022-11-21 01:07:30.450204','CHECKED',4,75,12),(151,'2022-11-21 01:07:32.095259','CHECKED',3,76,12),(152,'2022-11-21 01:07:32.096480','CHECKED',4,76,12),(153,'2022-11-21 01:07:40.386339','CHECKED',4,77,12),(154,'2022-11-21 01:07:40.387504','CHECKED',3,77,12),(155,'2022-11-21 01:14:30.921101','CHECKED',3,78,12),(156,'2022-11-21 01:14:30.922172','CHECKED',4,78,12),(157,'2022-11-21 01:14:35.068637','CHECKED',3,79,12),(158,'2022-11-21 01:14:35.069648','CHECKED',4,79,12),(159,'2022-11-21 01:14:35.666283','CHECKED',4,80,12),(160,'2022-11-21 01:14:35.667395','CHECKED',3,80,12),(161,'2022-11-21 01:14:39.028258','CHECKED',3,81,12),(162,'2022-11-21 01:14:39.029550','CHECKED',4,81,12),(163,'2022-11-21 01:14:42.130021','CHECKED',3,82,12),(164,'2022-11-21 01:14:42.131245','CHECKED',4,82,12),(165,'2022-11-21 01:14:46.304957','CHECKED',4,83,12),(166,'2022-11-21 01:14:46.306011','CHECKED',3,83,12),(167,'2022-11-21 01:21:37.045721','CHECKED',3,84,12),(168,'2022-11-21 01:21:37.046852','CHECKED',4,84,12),(169,'2022-11-21 01:21:54.819096','CHECKED',4,85,12),(170,'2022-11-21 01:21:54.820172','CHECKED',3,85,12),(171,'2022-11-21 01:21:58.542697','CHECKED',3,86,12),(172,'2022-11-21 01:21:58.543818','CHECKED',4,86,12),(173,'2022-11-21 01:21:59.912003','CHECKED',3,87,12),(174,'2022-11-21 01:21:59.913067','CHECKED',4,87,12),(175,'2022-11-21 01:22:20.181221','CHECKED',4,88,12),(176,'2022-11-21 01:22:20.182279','CHECKED',3,88,12),(177,'2022-11-21 01:30:05.944430','CHECKED',3,89,12),(178,'2022-11-21 01:30:05.945584','CHECKED',4,89,12),(179,'2022-11-21 01:30:10.172137','CHECKED',4,90,12),(180,'2022-11-21 01:30:10.173477','WAIT',3,90,12),(181,'2022-11-21 01:30:12.644025','CHECKED',3,91,12),(182,'2022-11-21 01:30:12.645188','CHECKED',4,91,12),(183,'2022-11-21 01:30:14.030765','CHECKED',3,92,12),(184,'2022-11-21 01:30:14.031940','CHECKED',4,92,12),(185,'2022-11-21 01:30:21.319028','CHECKED',4,93,12),(186,'2022-11-21 01:30:21.320143','WAIT',3,93,12);
/*!40000 ALTER TABLE `message_log` ENABLE KEYS */;
UNLOCK TABLES;

--
-- Table structure for table `question`
--

DROP TABLE IF EXISTS `question`;
/*!40101 SET @saved_cs_client     = @@character_set_client */;
/*!50503 SET character_set_client = utf8mb4 */;
CREATE TABLE `question` (
  `question_seq` bigint unsigned NOT NULL AUTO_INCREMENT,
  `created_time` datetime(6) DEFAULT NULL,
  `modified_time` datetime(6) DEFAULT NULL,
  `accept_answer_seq` bigint unsigned DEFAULT NULL,
  `answer_count` bigint unsigned DEFAULT NULL,
  `question_content` longtext COLLATE utf8mb4_unicode_ci NOT NULL,
  `down` bigint unsigned DEFAULT NULL,
  `question_title` varchar(100) COLLATE utf8mb4_unicode_ci NOT NULL,
  `up` bigint unsigned DEFAULT NULL,
  `user_seq` bigint unsigned DEFAULT NULL,
  PRIMARY KEY (`question_seq`),
  KEY `FKbhuqpcgdgq2wifb2j9k1e60t6` (`user_seq`),
  CONSTRAINT `FKbhuqpcgdgq2wifb2j9k1e60t6` FOREIGN KEY (`user_seq`) REFERENCES `user` (`user_seq`)
) ENGINE=InnoDB AUTO_INCREMENT=18 DEFAULT CHARSET=utf8mb4 COLLATE=utf8mb4_unicode_ci;
/*!40101 SET character_set_client = @saved_cs_client */;

--
-- Dumping data for table `question`
--

LOCK TABLES `question` WRITE;
/*!40000 ALTER TABLE `question` DISABLE KEYS */;
INSERT INTO `question` VALUES (1,'2022-11-20 15:52:18.397254','2022-11-20 15:53:24.108860',NULL,1,'<p>제곧내&nbsp;</p>',0,'자바 스크립트와 같은 다른 스크립팅 언어에 비해 Python을 사용할 때의 이점이 뭔가요?',1,1),(2,'2022-11-20 21:00:50.920653','2022-11-20 23:06:22.429750',NULL,2,'<blockquote>Go언어가 <strong>유명</strong>하다고해서 한번 <u>배워보려는데</u> 간단히 알려주실 분 계실까요??</blockquote>',0,'Go 언어와 자바스크립트 간의 차이점이 뭔가요??',0,5),(3,'2022-11-20 21:04:40.617417','2022-11-20 21:04:40.617417',NULL,0,'<p>아무래도 Callback이 예전 state의 주소 값만을 기억하는 것 같은데 최신 데이터를 참고하게 할 순 없을까요??</p>',0,'React의 Callback 함수 내부에서 state 값이 자꾸 초기화가 되요.',0,5),(4,'2022-11-20 21:35:46.273289','2022-11-20 21:35:46.273289',NULL,0,'<p>대학교 때 둘 다 배웠는데 사실 뭐가 좋은지 잘 모르겠어요.</p>\n<p><br></p>\n<p>친절히 알려주실 분 ^_^</p>',0,'처음 프로그래밍을 시작하는데 자바로 시작할까요 파이썬으로 시작할까요??',0,5),(5,'2022-11-20 21:38:08.220666','2022-11-20 21:38:08.220666',NULL,0,'<p>console.log((\'b\'+\'a\'+ + \'a\'+\'a\').toLowerCase()) 를 찍어보면 출력값으로 banana나 나온다고 합니다.</p>\n<p><br></p>\n<p>도저히 n을 찾아볼 수 없는데 대체 어디서 n이 생기는건가요??</p>',0,'자바 스크립트 개발자 문제 중 이해가 되지 않는 게 있습니다.',0,5),(6,'2022-11-20 23:04:53.121185','2022-11-20 23:35:23.953303',NULL,3,'<p><strong>그렇습니</strong></p>',0,'안녕하세요 뉴비입니다',0,6),(7,'2022-11-20 23:23:50.285540','2022-11-20 23:35:37.989011',NULL,3,'<p>ㅁㄴ<a href=\"https\">ㅇㄻㅇㅍ</a></p>',0,'안뇽',2,3),(8,'2022-11-20 23:38:50.363564','2022-11-21 00:19:33.386458',NULL,1,'<p>ㅎㅇㅎ</p>',0,'안녕하세요 싸피여러분! 사랑합니다~',0,4),(9,'2022-11-20 23:50:56.623720','2022-11-20 23:50:56.623720',NULL,0,'<p>&nbsp;</p>\n<pre><code>@Override<br>\nprotected void configure(HttpSecurity http) throws Exception {<br>\n &nbsp;&nbsp;&nbsp;http<br>\n &nbsp;&nbsp;&nbsp;&nbsp;&nbsp;&nbsp;&nbsp;&nbsp;&nbsp;&nbsp;&nbsp;.cors()<br>\n &nbsp;&nbsp;&nbsp;&nbsp;&nbsp;&nbsp;&nbsp;&nbsp;&nbsp;&nbsp;&nbsp;&nbsp;&nbsp;&nbsp;&nbsp;.and()<br>\n &nbsp;&nbsp;&nbsp;&nbsp;&nbsp;&nbsp;&nbsp;&nbsp;&nbsp;&nbsp;&nbsp;.sessionManagement()<br>\n &nbsp;&nbsp;&nbsp;&nbsp;&nbsp;&nbsp;&nbsp;&nbsp;&nbsp;&nbsp;&nbsp;&nbsp;&nbsp;&nbsp;&nbsp;.sessionCreationPolicy(SessionCreationPolicy.<em>STATELESS</em>)<br>\n &nbsp;&nbsp;&nbsp;&nbsp;&nbsp;&nbsp;&nbsp;&nbsp;&nbsp;&nbsp;&nbsp;&nbsp;&nbsp;&nbsp;&nbsp;.and()<br>\n &nbsp;&nbsp;&nbsp;&nbsp;&nbsp;&nbsp;&nbsp;&nbsp;&nbsp;&nbsp;&nbsp;.csrf()<br>\n &nbsp;&nbsp;&nbsp;&nbsp;&nbsp;&nbsp;&nbsp;&nbsp;&nbsp;&nbsp;&nbsp;&nbsp;&nbsp;&nbsp;&nbsp;.disable()<br>\n &nbsp;&nbsp;&nbsp;&nbsp;&nbsp;&nbsp;&nbsp;&nbsp;&nbsp;&nbsp;&nbsp;.formLogin()<br>\n &nbsp;&nbsp;&nbsp;&nbsp;&nbsp;&nbsp;&nbsp;&nbsp;&nbsp;&nbsp;&nbsp;&nbsp;&nbsp;&nbsp;&nbsp;.disable()<br>\n &nbsp;&nbsp;&nbsp;&nbsp;&nbsp;&nbsp;&nbsp;&nbsp;&nbsp;&nbsp;&nbsp;.httpBasic()<br>\n &nbsp;&nbsp;&nbsp;&nbsp;&nbsp;&nbsp;&nbsp;&nbsp;&nbsp;&nbsp;&nbsp;&nbsp;&nbsp;&nbsp;&nbsp;.disable()<br>\n &nbsp;&nbsp;&nbsp;&nbsp;&nbsp;&nbsp;&nbsp;&nbsp;&nbsp;&nbsp;&nbsp;.exceptionHandling()<br>\n &nbsp;&nbsp;&nbsp;&nbsp;&nbsp;&nbsp;&nbsp;&nbsp;&nbsp;&nbsp;&nbsp;&nbsp;&nbsp;&nbsp;&nbsp;.authenticationEntryPoint(new CustomAuthenticationEntryPoint())<br>\n &nbsp;&nbsp;&nbsp;&nbsp;&nbsp;&nbsp;&nbsp;&nbsp;&nbsp;&nbsp;&nbsp;&nbsp;&nbsp;&nbsp;&nbsp;.and()<br>\n &nbsp;&nbsp;&nbsp;&nbsp;&nbsp;&nbsp;&nbsp;&nbsp;&nbsp;&nbsp;&nbsp;.authorizeRequests()<br>\n &nbsp;&nbsp;&nbsp;&nbsp;&nbsp;&nbsp;&nbsp;&nbsp;&nbsp;&nbsp;&nbsp;.antMatchers(HttpMethod.<em>POST</em>,\"/question\", \"/tags/regist\", \"/answer/\",\"/answer/accept/*,\",\"/answer/comment\").authenticated()<br>\n &nbsp;&nbsp;&nbsp;&nbsp;&nbsp;&nbsp;&nbsp;&nbsp;&nbsp;&nbsp;&nbsp;.antMatchers(HttpMethod.<em>PUT</em>,\"/answer/*\",\"/answer/comment\").authenticated()<br>\n &nbsp;&nbsp;&nbsp;&nbsp;&nbsp;&nbsp;&nbsp;&nbsp;&nbsp;&nbsp;&nbsp;.antMatchers(HttpMethod.<em>DELETE</em>,\"/answer/*\",\"/answer/comment\").authenticated()<br>\n &nbsp;&nbsp;&nbsp;&nbsp;&nbsp;&nbsp;&nbsp;&nbsp;&nbsp;&nbsp;&nbsp;&nbsp;&nbsp;&nbsp;&nbsp;.anyRequest()<br>\n &nbsp;&nbsp;&nbsp;&nbsp;&nbsp;&nbsp;&nbsp;&nbsp;&nbsp;&nbsp;&nbsp;&nbsp;&nbsp;&nbsp;&nbsp;&nbsp;&nbsp;&nbsp;&nbsp;.permitAll()<br>\n &nbsp;&nbsp;&nbsp;&nbsp;&nbsp;&nbsp;&nbsp;&nbsp;&nbsp;&nbsp;&nbsp;&nbsp;&nbsp;&nbsp;&nbsp;.and()<br>\n &nbsp;&nbsp;&nbsp;&nbsp;&nbsp;&nbsp;&nbsp;&nbsp;&nbsp;&nbsp;&nbsp;.oauth2Login()<br>\n &nbsp;&nbsp;&nbsp;&nbsp;&nbsp;&nbsp;&nbsp;&nbsp;&nbsp;&nbsp;&nbsp;&nbsp;&nbsp;&nbsp;&nbsp;.authorizationEndpoint()<br>\n &nbsp;&nbsp;&nbsp;&nbsp;&nbsp;&nbsp;&nbsp;&nbsp;&nbsp;&nbsp;&nbsp;&nbsp;&nbsp;&nbsp;&nbsp;&nbsp;&nbsp;&nbsp;&nbsp;.baseUri(\"/oauth2/authorize\")<br>\n &nbsp;&nbsp;&nbsp;&nbsp;&nbsp;&nbsp;&nbsp;&nbsp;&nbsp;&nbsp;&nbsp;&nbsp;&nbsp;&nbsp;&nbsp;&nbsp;&nbsp;&nbsp;&nbsp;.authorizationRequestRepository(customAuthorizationRequestRepository)<br>\n &nbsp;&nbsp;&nbsp;&nbsp;&nbsp;&nbsp;&nbsp;&nbsp;&nbsp;&nbsp;&nbsp;&nbsp;&nbsp;&nbsp;&nbsp;&nbsp;&nbsp;&nbsp;&nbsp;.and()<br>\n &nbsp;&nbsp;&nbsp;&nbsp;&nbsp;&nbsp;&nbsp;&nbsp;&nbsp;&nbsp;&nbsp;&nbsp;&nbsp;&nbsp;&nbsp;.redirectionEndpoint()<br>\n &nbsp;&nbsp;&nbsp;&nbsp;&nbsp;&nbsp;&nbsp;&nbsp;&nbsp;&nbsp;&nbsp;&nbsp;&nbsp;&nbsp;&nbsp;&nbsp;&nbsp;&nbsp;&nbsp;.baseUri(\"/oauth2/callback/*\")<br>\n &nbsp;&nbsp;&nbsp;&nbsp;&nbsp;&nbsp;&nbsp;&nbsp;&nbsp;&nbsp;&nbsp;&nbsp;&nbsp;&nbsp;&nbsp;&nbsp;&nbsp;&nbsp;&nbsp;.and()<br>\n &nbsp;&nbsp;&nbsp;&nbsp;&nbsp;&nbsp;&nbsp;&nbsp;&nbsp;&nbsp;&nbsp;&nbsp;&nbsp;&nbsp;&nbsp;.userInfoEndpoint()<br>\n &nbsp;&nbsp;&nbsp;&nbsp;&nbsp;&nbsp;&nbsp;&nbsp;&nbsp;&nbsp;&nbsp;&nbsp;&nbsp;&nbsp;&nbsp;&nbsp;&nbsp;&nbsp;&nbsp;.userService(customOAuth2UserService)<br>\n &nbsp;&nbsp;&nbsp;&nbsp;&nbsp;&nbsp;&nbsp;&nbsp;&nbsp;&nbsp;&nbsp;&nbsp;&nbsp;&nbsp;&nbsp;&nbsp;&nbsp;&nbsp;&nbsp;.and()<br>\n &nbsp;&nbsp;&nbsp;&nbsp;&nbsp;&nbsp;&nbsp;&nbsp;&nbsp;&nbsp;&nbsp;&nbsp;&nbsp;&nbsp;&nbsp;.successHandler(oAuth2AuthenticationSuccessHandler)<br>\n &nbsp;&nbsp;&nbsp;&nbsp;&nbsp;&nbsp;&nbsp;&nbsp;&nbsp;&nbsp;&nbsp;&nbsp;&nbsp;&nbsp;&nbsp;.failureHandler(oAuth2AuthenticationFailureHandler);<br>\n<br>\n &nbsp;&nbsp;&nbsp;http.addFilterBefore(customOncePerRequestFilter(), UsernamePasswordAuthenticationFilter.class);<br>\n}</code></pre>\n<p>코드 입니다 살려주세요 &nbsp;</p>',0,'Security 모르겠소요',0,3),(10,'2022-11-20 23:52:11.493585','2022-11-20 23:52:11.493585',NULL,0,'<p>&nbsp;</p>\n<pre><code>@Override<br>\nprotected void configure(HttpSecurity http) throws Exception {<br>\n &nbsp;&nbsp;&nbsp;http<br>\n &nbsp;&nbsp;&nbsp;&nbsp;&nbsp;&nbsp;&nbsp;&nbsp;&nbsp;&nbsp;&nbsp;.cors()<br>\n &nbsp;&nbsp;&nbsp;&nbsp;&nbsp;&nbsp;&nbsp;&nbsp;&nbsp;&nbsp;&nbsp;&nbsp;&nbsp;&nbsp;&nbsp;.and()<br>\n &nbsp;&nbsp;&nbsp;&nbsp;&nbsp;&nbsp;&nbsp;&nbsp;&nbsp;&nbsp;&nbsp;.sessionManagement()<br>\n &nbsp;&nbsp;&nbsp;&nbsp;&nbsp;&nbsp;&nbsp;&nbsp;&nbsp;&nbsp;&nbsp;&nbsp;&nbsp;&nbsp;&nbsp;.sessionCreationPolicy(SessionCreationPolicy.<em>STATELESS</em>)<br>\n &nbsp;&nbsp;&nbsp;&nbsp;&nbsp;&nbsp;&nbsp;&nbsp;&nbsp;&nbsp;&nbsp;&nbsp;&nbsp;&nbsp;&nbsp;.and()<br>\n &nbsp;&nbsp;&nbsp;&nbsp;&nbsp;&nbsp;&nbsp;&nbsp;&nbsp;&nbsp;&nbsp;.csrf()<br>\n &nbsp;&nbsp;&nbsp;&nbsp;&nbsp;&nbsp;&nbsp;&nbsp;&nbsp;&nbsp;&nbsp;&nbsp;&nbsp;&nbsp;&nbsp;.disable()<br>\n &nbsp;&nbsp;&nbsp;&nbsp;&nbsp;&nbsp;&nbsp;&nbsp;&nbsp;&nbsp;&nbsp;.formLogin()<br>\n &nbsp;&nbsp;&nbsp;&nbsp;&nbsp;&nbsp;&nbsp;&nbsp;&nbsp;&nbsp;&nbsp;&nbsp;&nbsp;&nbsp;&nbsp;.disable()<br>\n &nbsp;&nbsp;&nbsp;&nbsp;&nbsp;&nbsp;&nbsp;&nbsp;&nbsp;&nbsp;&nbsp;.httpBasic()<br>\n &nbsp;&nbsp;&nbsp;&nbsp;&nbsp;&nbsp;&nbsp;&nbsp;&nbsp;&nbsp;&nbsp;&nbsp;&nbsp;&nbsp;&nbsp;.disable()<br>\n &nbsp;&nbsp;&nbsp;&nbsp;&nbsp;&nbsp;&nbsp;&nbsp;&nbsp;&nbsp;&nbsp;.exceptionHandling()<br>\n &nbsp;&nbsp;&nbsp;&nbsp;&nbsp;&nbsp;&nbsp;&nbsp;&nbsp;&nbsp;&nbsp;&nbsp;&nbsp;&nbsp;&nbsp;.authenticationEntryPoint(new CustomAuthenticationEntryPoint())<br>\n &nbsp;&nbsp;&nbsp;&nbsp;&nbsp;&nbsp;&nbsp;&nbsp;&nbsp;&nbsp;&nbsp;&nbsp;&nbsp;&nbsp;&nbsp;.and()<br>\n &nbsp;&nbsp;&nbsp;&nbsp;&nbsp;&nbsp;&nbsp;&nbsp;&nbsp;&nbsp;&nbsp;.authorizeRequests()<br>\n &nbsp;&nbsp;&nbsp;&nbsp;&nbsp;&nbsp;&nbsp;&nbsp;&nbsp;&nbsp;&nbsp;.antMatchers(HttpMethod.<em>POST</em>,\"/question\", \"/tags/regist\", \"/answer/\",\"/answer/accept/*,\",\"/answer/comment\").authenticated()<br>\n &nbsp;&nbsp;&nbsp;&nbsp;&nbsp;&nbsp;&nbsp;&nbsp;&nbsp;&nbsp;&nbsp;.antMatchers(HttpMethod.<em>PUT</em>,\"/answer/*\",\"/answer/comment\").authenticated()<br>\n &nbsp;&nbsp;&nbsp;&nbsp;&nbsp;&nbsp;&nbsp;&nbsp;&nbsp;&nbsp;&nbsp;.antMatchers(HttpMethod.<em>DELETE</em>,\"/answer/*\",\"/answer/comment\").authenticated()<br>\n &nbsp;&nbsp;&nbsp;&nbsp;&nbsp;&nbsp;&nbsp;&nbsp;&nbsp;&nbsp;&nbsp;&nbsp;&nbsp;&nbsp;&nbsp;.anyRequest()<br>\n &nbsp;&nbsp;&nbsp;&nbsp;&nbsp;&nbsp;&nbsp;&nbsp;&nbsp;&nbsp;&nbsp;&nbsp;&nbsp;&nbsp;&nbsp;&nbsp;&nbsp;&nbsp;&nbsp;.permitAll()<br>\n &nbsp;&nbsp;&nbsp;&nbsp;&nbsp;&nbsp;&nbsp;&nbsp;&nbsp;&nbsp;&nbsp;&nbsp;&nbsp;&nbsp;&nbsp;.and()<br>\n &nbsp;&nbsp;&nbsp;&nbsp;&nbsp;&nbsp;&nbsp;&nbsp;&nbsp;&nbsp;&nbsp;.oauth2Login()<br>\n &nbsp;&nbsp;&nbsp;&nbsp;&nbsp;&nbsp;&nbsp;&nbsp;&nbsp;&nbsp;&nbsp;&nbsp;&nbsp;&nbsp;&nbsp;.authorizationEndpoint()<br>\n &nbsp;&nbsp;&nbsp;&nbsp;&nbsp;&nbsp;&nbsp;&nbsp;&nbsp;&nbsp;&nbsp;&nbsp;&nbsp;&nbsp;&nbsp;&nbsp;&nbsp;&nbsp;&nbsp;.baseUri(\"/oauth2/authorize\")<br>\n &nbsp;&nbsp;&nbsp;&nbsp;&nbsp;&nbsp;&nbsp;&nbsp;&nbsp;&nbsp;&nbsp;&nbsp;&nbsp;&nbsp;&nbsp;&nbsp;&nbsp;&nbsp;&nbsp;.authorizationRequestRepository(customAuthorizationRequestRepository)<br>\n &nbsp;&nbsp;&nbsp;&nbsp;&nbsp;&nbsp;&nbsp;&nbsp;&nbsp;&nbsp;&nbsp;&nbsp;&nbsp;&nbsp;&nbsp;&nbsp;&nbsp;&nbsp;&nbsp;.and()<br>\n &nbsp;&nbsp;&nbsp;&nbsp;&nbsp;&nbsp;&nbsp;&nbsp;&nbsp;&nbsp;&nbsp;&nbsp;&nbsp;&nbsp;&nbsp;.redirectionEndpoint()<br>\n &nbsp;&nbsp;&nbsp;&nbsp;&nbsp;&nbsp;&nbsp;&nbsp;&nbsp;&nbsp;&nbsp;&nbsp;&nbsp;&nbsp;&nbsp;&nbsp;&nbsp;&nbsp;&nbsp;.baseUri(\"/oauth2/callback/*\")<br>\n &nbsp;&nbsp;&nbsp;&nbsp;&nbsp;&nbsp;&nbsp;&nbsp;&nbsp;&nbsp;&nbsp;&nbsp;&nbsp;&nbsp;&nbsp;&nbsp;&nbsp;&nbsp;&nbsp;.and()<br>\n &nbsp;&nbsp;&nbsp;&nbsp;&nbsp;&nbsp;&nbsp;&nbsp;&nbsp;&nbsp;&nbsp;&nbsp;&nbsp;&nbsp;&nbsp;.userInfoEndpoint()<br>\n &nbsp;&nbsp;&nbsp;&nbsp;&nbsp;&nbsp;&nbsp;&nbsp;&nbsp;&nbsp;&nbsp;&nbsp;&nbsp;&nbsp;&nbsp;&nbsp;&nbsp;&nbsp;&nbsp;.userService(customOAuth2UserService)<br>\n &nbsp;&nbsp;&nbsp;&nbsp;&nbsp;&nbsp;&nbsp;&nbsp;&nbsp;&nbsp;&nbsp;&nbsp;&nbsp;&nbsp;&nbsp;&nbsp;&nbsp;&nbsp;&nbsp;.and()<br>\n &nbsp;&nbsp;&nbsp;&nbsp;&nbsp;&nbsp;&nbsp;&nbsp;&nbsp;&nbsp;&nbsp;&nbsp;&nbsp;&nbsp;&nbsp;.successHandler(oAuth2AuthenticationSuccessHandler)<br>\n &nbsp;&nbsp;&nbsp;&nbsp;&nbsp;&nbsp;&nbsp;&nbsp;&nbsp;&nbsp;&nbsp;&nbsp;&nbsp;&nbsp;&nbsp;.failureHandler(oAuth2AuthenticationFailureHandler);<br>\n<br>\n &nbsp;&nbsp;&nbsp;http.addFilterBefore(customOncePerRequestFilter(), UsernamePasswordAuthenticationFilter.class);<br>\n}</code></pre>\n<p>코드 입니다 살려주세요 &nbsp;</p>',0,'모르겠어요~',0,3),(11,'2022-11-21 00:19:00.080429','2022-11-21 00:19:51.873265',10,1,'<p>&nbsp;</p>\n<pre><code>@Override<br>\nprotected void configure(HttpSecurity http) throws Exception {<br>\n &nbsp;&nbsp;&nbsp;http<br>\n &nbsp;&nbsp;&nbsp;&nbsp;&nbsp;&nbsp;&nbsp;&nbsp;&nbsp;&nbsp;&nbsp;.cors()<br>\n &nbsp;&nbsp;&nbsp;&nbsp;&nbsp;&nbsp;&nbsp;&nbsp;&nbsp;&nbsp;&nbsp;&nbsp;&nbsp;&nbsp;&nbsp;.and()<br>\n &nbsp;&nbsp;&nbsp;&nbsp;&nbsp;&nbsp;&nbsp;&nbsp;&nbsp;&nbsp;&nbsp;.sessionManagement()<br>\n &nbsp;&nbsp;&nbsp;&nbsp;&nbsp;&nbsp;&nbsp;&nbsp;&nbsp;&nbsp;&nbsp;&nbsp;&nbsp;&nbsp;&nbsp;.sessionCreationPolicy(SessionCreationPolicy.<em>STATELESS</em>)<br>\n &nbsp;&nbsp;&nbsp;&nbsp;&nbsp;&nbsp;&nbsp;&nbsp;&nbsp;&nbsp;&nbsp;&nbsp;&nbsp;&nbsp;&nbsp;.and()<br>\n &nbsp;&nbsp;&nbsp;&nbsp;&nbsp;&nbsp;&nbsp;&nbsp;&nbsp;&nbsp;&nbsp;.csrf()<br>\n &nbsp;&nbsp;&nbsp;&nbsp;&nbsp;&nbsp;&nbsp;&nbsp;&nbsp;&nbsp;&nbsp;&nbsp;&nbsp;&nbsp;&nbsp;.disable()<br>\n &nbsp;&nbsp;&nbsp;&nbsp;&nbsp;&nbsp;&nbsp;&nbsp;&nbsp;&nbsp;&nbsp;.formLogin()<br>\n &nbsp;&nbsp;&nbsp;&nbsp;&nbsp;&nbsp;&nbsp;&nbsp;&nbsp;&nbsp;&nbsp;&nbsp;&nbsp;&nbsp;&nbsp;.disable()<br>\n &nbsp;&nbsp;&nbsp;&nbsp;&nbsp;&nbsp;&nbsp;&nbsp;&nbsp;&nbsp;&nbsp;.httpBasic()<br>\n &nbsp;&nbsp;&nbsp;&nbsp;&nbsp;&nbsp;&nbsp;&nbsp;&nbsp;&nbsp;&nbsp;&nbsp;&nbsp;&nbsp;&nbsp;.disable()<br>\n &nbsp;&nbsp;&nbsp;&nbsp;&nbsp;&nbsp;&nbsp;&nbsp;&nbsp;&nbsp;&nbsp;.exceptionHandling()<br>\n &nbsp;&nbsp;&nbsp;&nbsp;&nbsp;&nbsp;&nbsp;&nbsp;&nbsp;&nbsp;&nbsp;&nbsp;&nbsp;&nbsp;&nbsp;.authenticationEntryPoint(new CustomAuthenticationEntryPoint())<br>\n &nbsp;&nbsp;&nbsp;&nbsp;&nbsp;&nbsp;&nbsp;&nbsp;&nbsp;&nbsp;&nbsp;&nbsp;&nbsp;&nbsp;&nbsp;.and()<br>\n &nbsp;&nbsp;&nbsp;&nbsp;&nbsp;&nbsp;&nbsp;&nbsp;&nbsp;&nbsp;&nbsp;.authorizeRequests()<br>\n &nbsp;&nbsp;&nbsp;&nbsp;&nbsp;&nbsp;&nbsp;&nbsp;&nbsp;&nbsp;&nbsp;.antMatchers(HttpMethod.<em>POST</em>,\"/question\", \"/tags/regist\", \"/answer/\",\"/answer/accept/*,\",\"/answer/comment\").authenticated()<br>\n &nbsp;&nbsp;&nbsp;&nbsp;&nbsp;&nbsp;&nbsp;&nbsp;&nbsp;&nbsp;&nbsp;.antMatchers(HttpMethod.<em>PUT</em>,\"/answer/*\",\"/answer/comment\").authenticated()<br>\n &nbsp;&nbsp;&nbsp;&nbsp;&nbsp;&nbsp;&nbsp;&nbsp;&nbsp;&nbsp;&nbsp;.antMatchers(HttpMethod.<em>DELETE</em>,\"/answer/*\",\"/answer/comment\").authenticated()<br>\n &nbsp;&nbsp;&nbsp;&nbsp;&nbsp;&nbsp;&nbsp;&nbsp;&nbsp;&nbsp;&nbsp;&nbsp;&nbsp;&nbsp;&nbsp;.anyRequest()<br>\n &nbsp;&nbsp;&nbsp;&nbsp;&nbsp;&nbsp;&nbsp;&nbsp;&nbsp;&nbsp;&nbsp;&nbsp;&nbsp;&nbsp;&nbsp;&nbsp;&nbsp;&nbsp;&nbsp;.permitAll()<br>\n &nbsp;&nbsp;&nbsp;&nbsp;&nbsp;&nbsp;&nbsp;&nbsp;&nbsp;&nbsp;&nbsp;&nbsp;&nbsp;&nbsp;&nbsp;.and()<br>\n &nbsp;&nbsp;&nbsp;&nbsp;&nbsp;&nbsp;&nbsp;&nbsp;&nbsp;&nbsp;&nbsp;.oauth2Login()<br>\n &nbsp;&nbsp;&nbsp;&nbsp;&nbsp;&nbsp;&nbsp;&nbsp;&nbsp;&nbsp;&nbsp;&nbsp;&nbsp;&nbsp;&nbsp;.authorizationEndpoint()<br>\n &nbsp;&nbsp;&nbsp;&nbsp;&nbsp;&nbsp;&nbsp;&nbsp;&nbsp;&nbsp;&nbsp;&nbsp;&nbsp;&nbsp;&nbsp;&nbsp;&nbsp;&nbsp;&nbsp;.baseUri(\"/oauth2/authorize\")<br>\n &nbsp;&nbsp;&nbsp;&nbsp;&nbsp;&nbsp;&nbsp;&nbsp;&nbsp;&nbsp;&nbsp;&nbsp;&nbsp;&nbsp;&nbsp;&nbsp;&nbsp;&nbsp;&nbsp;.authorizationRequestRepository(customAuthorizationRequestRepository)<br>\n &nbsp;&nbsp;&nbsp;&nbsp;&nbsp;&nbsp;&nbsp;&nbsp;&nbsp;&nbsp;&nbsp;&nbsp;&nbsp;&nbsp;&nbsp;&nbsp;&nbsp;&nbsp;&nbsp;.and()<br>\n &nbsp;&nbsp;&nbsp;&nbsp;&nbsp;&nbsp;&nbsp;&nbsp;&nbsp;&nbsp;&nbsp;&nbsp;&nbsp;&nbsp;&nbsp;.redirectionEndpoint()<br>\n &nbsp;&nbsp;&nbsp;&nbsp;&nbsp;&nbsp;&nbsp;&nbsp;&nbsp;&nbsp;&nbsp;&nbsp;&nbsp;&nbsp;&nbsp;&nbsp;&nbsp;&nbsp;&nbsp;.baseUri(\"/oauth2/callback/*\")<br>\n &nbsp;&nbsp;&nbsp;&nbsp;&nbsp;&nbsp;&nbsp;&nbsp;&nbsp;&nbsp;&nbsp;&nbsp;&nbsp;&nbsp;&nbsp;&nbsp;&nbsp;&nbsp;&nbsp;.and()<br>\n &nbsp;&nbsp;&nbsp;&nbsp;&nbsp;&nbsp;&nbsp;&nbsp;&nbsp;&nbsp;&nbsp;&nbsp;&nbsp;&nbsp;&nbsp;.userInfoEndpoint()<br>\n &nbsp;&nbsp;&nbsp;&nbsp;&nbsp;&nbsp;&nbsp;&nbsp;&nbsp;&nbsp;&nbsp;&nbsp;&nbsp;&nbsp;&nbsp;&nbsp;&nbsp;&nbsp;&nbsp;.userService(customOAuth2UserService)<br>\n &nbsp;&nbsp;&nbsp;&nbsp;&nbsp;&nbsp;&nbsp;&nbsp;&nbsp;&nbsp;&nbsp;&nbsp;&nbsp;&nbsp;&nbsp;&nbsp;&nbsp;&nbsp;&nbsp;.and()<br>\n &nbsp;&nbsp;&nbsp;&nbsp;&nbsp;&nbsp;&nbsp;&nbsp;&nbsp;&nbsp;&nbsp;&nbsp;&nbsp;&nbsp;&nbsp;.successHandler(oAuth2AuthenticationSuccessHandler)<br>\n &nbsp;&nbsp;&nbsp;&nbsp;&nbsp;&nbsp;&nbsp;&nbsp;&nbsp;&nbsp;&nbsp;&nbsp;&nbsp;&nbsp;&nbsp;.failureHandler(oAuth2AuthenticationFailureHandler);<br>\n<br>\n &nbsp;&nbsp;&nbsp;http.addFilterBefore(customOncePerRequestFilter(), UsernamePasswordAuthenticationFilter.class);<br>\n}</code></pre>\n<p>코드 입니다 살려주세요 &nbsp;</p>',0,'살려주세요',0,3),(12,'2022-11-21 00:39:07.122505','2022-11-21 00:57:22.426509',NULL,1,'<p>잠시만요@!</p>',0,'질문있어요!',0,6),(13,'2022-11-21 00:57:03.984224','2022-11-21 00:57:47.163782',13,1,'<p>&nbsp;</p>\n<pre><code>@Override<br>\nprotected void configure(HttpSecurity http) throws Exception {<br>\n &nbsp;&nbsp;&nbsp;http<br>\n &nbsp;&nbsp;&nbsp;&nbsp;&nbsp;&nbsp;&nbsp;&nbsp;&nbsp;&nbsp;&nbsp;.cors()<br>\n &nbsp;&nbsp;&nbsp;&nbsp;&nbsp;&nbsp;&nbsp;&nbsp;&nbsp;&nbsp;&nbsp;&nbsp;&nbsp;&nbsp;&nbsp;.and()<br>\n &nbsp;&nbsp;&nbsp;&nbsp;&nbsp;&nbsp;&nbsp;&nbsp;&nbsp;&nbsp;&nbsp;.sessionManagement()<br>\n &nbsp;&nbsp;&nbsp;&nbsp;&nbsp;&nbsp;&nbsp;&nbsp;&nbsp;&nbsp;&nbsp;&nbsp;&nbsp;&nbsp;&nbsp;.sessionCreationPolicy(SessionCreationPolicy.<em>STATELESS</em>)<br>\n &nbsp;&nbsp;&nbsp;&nbsp;&nbsp;&nbsp;&nbsp;&nbsp;&nbsp;&nbsp;&nbsp;&nbsp;&nbsp;&nbsp;&nbsp;.and()<br>\n &nbsp;&nbsp;&nbsp;&nbsp;&nbsp;&nbsp;&nbsp;&nbsp;&nbsp;&nbsp;&nbsp;.csrf()<br>\n &nbsp;&nbsp;&nbsp;&nbsp;&nbsp;&nbsp;&nbsp;&nbsp;&nbsp;&nbsp;&nbsp;&nbsp;&nbsp;&nbsp;&nbsp;.disable()<br>\n &nbsp;&nbsp;&nbsp;&nbsp;&nbsp;&nbsp;&nbsp;&nbsp;&nbsp;&nbsp;&nbsp;.formLogin()<br>\n &nbsp;&nbsp;&nbsp;&nbsp;&nbsp;&nbsp;&nbsp;&nbsp;&nbsp;&nbsp;&nbsp;&nbsp;&nbsp;&nbsp;&nbsp;.disable()<br>\n &nbsp;&nbsp;&nbsp;&nbsp;&nbsp;&nbsp;&nbsp;&nbsp;&nbsp;&nbsp;&nbsp;.httpBasic()<br>\n &nbsp;&nbsp;&nbsp;&nbsp;&nbsp;&nbsp;&nbsp;&nbsp;&nbsp;&nbsp;&nbsp;&nbsp;&nbsp;&nbsp;&nbsp;.disable()<br>\n &nbsp;&nbsp;&nbsp;&nbsp;&nbsp;&nbsp;&nbsp;&nbsp;&nbsp;&nbsp;&nbsp;.exceptionHandling()<br>\n &nbsp;&nbsp;&nbsp;&nbsp;&nbsp;&nbsp;&nbsp;&nbsp;&nbsp;&nbsp;&nbsp;&nbsp;&nbsp;&nbsp;&nbsp;.authenticationEntryPoint(new CustomAuthenticationEntryPoint())<br>\n &nbsp;&nbsp;&nbsp;&nbsp;&nbsp;&nbsp;&nbsp;&nbsp;&nbsp;&nbsp;&nbsp;&nbsp;&nbsp;&nbsp;&nbsp;.and()<br>\n &nbsp;&nbsp;&nbsp;&nbsp;&nbsp;&nbsp;&nbsp;&nbsp;&nbsp;&nbsp;&nbsp;.authorizeRequests()<br>\n &nbsp;&nbsp;&nbsp;&nbsp;&nbsp;&nbsp;&nbsp;&nbsp;&nbsp;&nbsp;&nbsp;.antMatchers(HttpMethod.<em>POST</em>,\"/question\", \"/tags/regist\", \"/answer/\",\"/answer/accept/*,\",\"/answer/comment\").authenticated()<br>\n &nbsp;&nbsp;&nbsp;&nbsp;&nbsp;&nbsp;&nbsp;&nbsp;&nbsp;&nbsp;&nbsp;.antMatchers(HttpMethod.<em>PUT</em>,\"/answer/*\",\"/answer/comment\").authenticated()<br>\n &nbsp;&nbsp;&nbsp;&nbsp;&nbsp;&nbsp;&nbsp;&nbsp;&nbsp;&nbsp;&nbsp;.antMatchers(HttpMethod.<em>DELETE</em>,\"/answer/*\",\"/answer/comment\").authenticated()<br>\n &nbsp;&nbsp;&nbsp;&nbsp;&nbsp;&nbsp;&nbsp;&nbsp;&nbsp;&nbsp;&nbsp;&nbsp;&nbsp;&nbsp;&nbsp;.anyRequest()<br>\n &nbsp;&nbsp;&nbsp;&nbsp;&nbsp;&nbsp;&nbsp;&nbsp;&nbsp;&nbsp;&nbsp;&nbsp;&nbsp;&nbsp;&nbsp;&nbsp;&nbsp;&nbsp;&nbsp;.permitAll()<br>\n &nbsp;&nbsp;&nbsp;&nbsp;&nbsp;&nbsp;&nbsp;&nbsp;&nbsp;&nbsp;&nbsp;&nbsp;&nbsp;&nbsp;&nbsp;.and()<br>\n &nbsp;&nbsp;&nbsp;&nbsp;&nbsp;&nbsp;&nbsp;&nbsp;&nbsp;&nbsp;&nbsp;.oauth2Login()<br>\n &nbsp;&nbsp;&nbsp;&nbsp;&nbsp;&nbsp;&nbsp;&nbsp;&nbsp;&nbsp;&nbsp;&nbsp;&nbsp;&nbsp;&nbsp;.authorizationEndpoint()<br>\n &nbsp;&nbsp;&nbsp;&nbsp;&nbsp;&nbsp;&nbsp;&nbsp;&nbsp;&nbsp;&nbsp;&nbsp;&nbsp;&nbsp;&nbsp;&nbsp;&nbsp;&nbsp;&nbsp;.baseUri(\"/oauth2/authorize\")<br>\n &nbsp;&nbsp;&nbsp;&nbsp;&nbsp;&nbsp;&nbsp;&nbsp;&nbsp;&nbsp;&nbsp;&nbsp;&nbsp;&nbsp;&nbsp;&nbsp;&nbsp;&nbsp;&nbsp;.authorizationRequestRepository(customAuthorizationRequestRepository)<br>\n &nbsp;&nbsp;&nbsp;&nbsp;&nbsp;&nbsp;&nbsp;&nbsp;&nbsp;&nbsp;&nbsp;&nbsp;&nbsp;&nbsp;&nbsp;&nbsp;&nbsp;&nbsp;&nbsp;.and()<br>\n &nbsp;&nbsp;&nbsp;&nbsp;&nbsp;&nbsp;&nbsp;&nbsp;&nbsp;&nbsp;&nbsp;&nbsp;&nbsp;&nbsp;&nbsp;.redirectionEndpoint()<br>\n &nbsp;&nbsp;&nbsp;&nbsp;&nbsp;&nbsp;&nbsp;&nbsp;&nbsp;&nbsp;&nbsp;&nbsp;&nbsp;&nbsp;&nbsp;&nbsp;&nbsp;&nbsp;&nbsp;.baseUri(\"/oauth2/callback/*\")<br>\n &nbsp;&nbsp;&nbsp;&nbsp;&nbsp;&nbsp;&nbsp;&nbsp;&nbsp;&nbsp;&nbsp;&nbsp;&nbsp;&nbsp;&nbsp;&nbsp;&nbsp;&nbsp;&nbsp;.and()<br>\n &nbsp;&nbsp;&nbsp;&nbsp;&nbsp;&nbsp;&nbsp;&nbsp;&nbsp;&nbsp;&nbsp;&nbsp;&nbsp;&nbsp;&nbsp;.userInfoEndpoint()<br>\n &nbsp;&nbsp;&nbsp;&nbsp;&nbsp;&nbsp;&nbsp;&nbsp;&nbsp;&nbsp;&nbsp;&nbsp;&nbsp;&nbsp;&nbsp;&nbsp;&nbsp;&nbsp;&nbsp;.userService(customOAuth2UserService)<br>\n &nbsp;&nbsp;&nbsp;&nbsp;&nbsp;&nbsp;&nbsp;&nbsp;&nbsp;&nbsp;&nbsp;&nbsp;&nbsp;&nbsp;&nbsp;&nbsp;&nbsp;&nbsp;&nbsp;.and()<br>\n &nbsp;&nbsp;&nbsp;&nbsp;&nbsp;&nbsp;&nbsp;&nbsp;&nbsp;&nbsp;&nbsp;&nbsp;&nbsp;&nbsp;&nbsp;.successHandler(oAuth2AuthenticationSuccessHandler)<br>\n &nbsp;&nbsp;&nbsp;&nbsp;&nbsp;&nbsp;&nbsp;&nbsp;&nbsp;&nbsp;&nbsp;&nbsp;&nbsp;&nbsp;&nbsp;.failureHandler(oAuth2AuthenticationFailureHandler);<br>\n<br>\n &nbsp;&nbsp;&nbsp;http.addFilterBefore(customOncePerRequestFilter(), UsernamePasswordAuthenticationFilter.class);<br>\n}</code></pre>\n<p>코드 입니다 살려주세요 &nbsp;</p>',0,'살려주세요',0,3),(14,'2022-11-21 01:08:42.053231','2022-11-21 01:29:02.141479',NULL,2,'<p>무조건 버전이 높은 게 좋은 것 아닌가요?</p>\n<p><br></p>\n<p>일부로 낮은 것을 사용해서 얻는 이점이 무엇일까요?</p>',0,'자바8과 11버전 차이가 클까요?',0,5),(15,'2022-11-21 01:13:12.024300','2022-11-21 01:29:19.626998',17,2,'<p>&nbsp;</p>\n<pre><code>@Override<br>\nprotected void configure(HttpSecurity http) throws Exception {<br>\n &nbsp;&nbsp;&nbsp;http<br>\n &nbsp;&nbsp;&nbsp;&nbsp;&nbsp;&nbsp;&nbsp;&nbsp;&nbsp;&nbsp;&nbsp;.cors()<br>\n &nbsp;&nbsp;&nbsp;&nbsp;&nbsp;&nbsp;&nbsp;&nbsp;&nbsp;&nbsp;&nbsp;&nbsp;&nbsp;&nbsp;&nbsp;.and()<br>\n &nbsp;&nbsp;&nbsp;&nbsp;&nbsp;&nbsp;&nbsp;&nbsp;&nbsp;&nbsp;&nbsp;.sessionManagement()<br>\n &nbsp;&nbsp;&nbsp;&nbsp;&nbsp;&nbsp;&nbsp;&nbsp;&nbsp;&nbsp;&nbsp;&nbsp;&nbsp;&nbsp;&nbsp;.sessionCreationPolicy(SessionCreationPolicy.<em>STATELESS</em>)<br>\n &nbsp;&nbsp;&nbsp;&nbsp;&nbsp;&nbsp;&nbsp;&nbsp;&nbsp;&nbsp;&nbsp;&nbsp;&nbsp;&nbsp;&nbsp;.and()<br>\n &nbsp;&nbsp;&nbsp;&nbsp;&nbsp;&nbsp;&nbsp;&nbsp;&nbsp;&nbsp;&nbsp;.csrf()<br>\n &nbsp;&nbsp;&nbsp;&nbsp;&nbsp;&nbsp;&nbsp;&nbsp;&nbsp;&nbsp;&nbsp;&nbsp;&nbsp;&nbsp;&nbsp;.disable()<br>\n &nbsp;&nbsp;&nbsp;&nbsp;&nbsp;&nbsp;&nbsp;&nbsp;&nbsp;&nbsp;&nbsp;.formLogin()<br>\n &nbsp;&nbsp;&nbsp;&nbsp;&nbsp;&nbsp;&nbsp;&nbsp;&nbsp;&nbsp;&nbsp;&nbsp;&nbsp;&nbsp;&nbsp;.disable()<br>\n &nbsp;&nbsp;&nbsp;&nbsp;&nbsp;&nbsp;&nbsp;&nbsp;&nbsp;&nbsp;&nbsp;.httpBasic()<br>\n &nbsp;&nbsp;&nbsp;&nbsp;&nbsp;&nbsp;&nbsp;&nbsp;&nbsp;&nbsp;&nbsp;&nbsp;&nbsp;&nbsp;&nbsp;.disable()<br>\n &nbsp;&nbsp;&nbsp;&nbsp;&nbsp;&nbsp;&nbsp;&nbsp;&nbsp;&nbsp;&nbsp;.exceptionHandling()<br>\n &nbsp;&nbsp;&nbsp;&nbsp;&nbsp;&nbsp;&nbsp;&nbsp;&nbsp;&nbsp;&nbsp;&nbsp;&nbsp;&nbsp;&nbsp;.authenticationEntryPoint(new CustomAuthenticationEntryPoint())<br>\n &nbsp;&nbsp;&nbsp;&nbsp;&nbsp;&nbsp;&nbsp;&nbsp;&nbsp;&nbsp;&nbsp;&nbsp;&nbsp;&nbsp;&nbsp;.and()<br>\n &nbsp;&nbsp;&nbsp;&nbsp;&nbsp;&nbsp;&nbsp;&nbsp;&nbsp;&nbsp;&nbsp;.authorizeRequests()<br>\n &nbsp;&nbsp;&nbsp;&nbsp;&nbsp;&nbsp;&nbsp;&nbsp;&nbsp;&nbsp;&nbsp;.antMatchers(HttpMethod.<em>POST</em>,\"/question\", \"/tags/regist\", \"/answer/\",\"/answer/accept/*,\",\"/answer/comment\").authenticated()<br>\n &nbsp;&nbsp;&nbsp;&nbsp;&nbsp;&nbsp;&nbsp;&nbsp;&nbsp;&nbsp;&nbsp;.antMatchers(HttpMethod.<em>PUT</em>,\"/answer/*\",\"/answer/comment\").authenticated()<br>\n &nbsp;&nbsp;&nbsp;&nbsp;&nbsp;&nbsp;&nbsp;&nbsp;&nbsp;&nbsp;&nbsp;.antMatchers(HttpMethod.<em>DELETE</em>,\"/answer/*\",\"/answer/comment\").authenticated()<br>\n &nbsp;&nbsp;&nbsp;&nbsp;&nbsp;&nbsp;&nbsp;&nbsp;&nbsp;&nbsp;&nbsp;&nbsp;&nbsp;&nbsp;&nbsp;.anyRequest()<br>\n &nbsp;&nbsp;&nbsp;&nbsp;&nbsp;&nbsp;&nbsp;&nbsp;&nbsp;&nbsp;&nbsp;&nbsp;&nbsp;&nbsp;&nbsp;&nbsp;&nbsp;&nbsp;&nbsp;.permitAll()<br>\n &nbsp;&nbsp;&nbsp;&nbsp;&nbsp;&nbsp;&nbsp;&nbsp;&nbsp;&nbsp;&nbsp;&nbsp;&nbsp;&nbsp;&nbsp;.and()<br>\n &nbsp;&nbsp;&nbsp;&nbsp;&nbsp;&nbsp;&nbsp;&nbsp;&nbsp;&nbsp;&nbsp;.oauth2Login()<br>\n &nbsp;&nbsp;&nbsp;&nbsp;&nbsp;&nbsp;&nbsp;&nbsp;&nbsp;&nbsp;&nbsp;&nbsp;&nbsp;&nbsp;&nbsp;.authorizationEndpoint()<br>\n &nbsp;&nbsp;&nbsp;&nbsp;&nbsp;&nbsp;&nbsp;&nbsp;&nbsp;&nbsp;&nbsp;&nbsp;&nbsp;&nbsp;&nbsp;&nbsp;&nbsp;&nbsp;&nbsp;.baseUri(\"/oauth2/authorize\")<br>\n &nbsp;&nbsp;&nbsp;&nbsp;&nbsp;&nbsp;&nbsp;&nbsp;&nbsp;&nbsp;&nbsp;&nbsp;&nbsp;&nbsp;&nbsp;&nbsp;&nbsp;&nbsp;&nbsp;.authorizationRequestRepository(customAuthorizationRequestRepository)<br>\n &nbsp;&nbsp;&nbsp;&nbsp;&nbsp;&nbsp;&nbsp;&nbsp;&nbsp;&nbsp;&nbsp;&nbsp;&nbsp;&nbsp;&nbsp;&nbsp;&nbsp;&nbsp;&nbsp;.and()<br>\n &nbsp;&nbsp;&nbsp;&nbsp;&nbsp;&nbsp;&nbsp;&nbsp;&nbsp;&nbsp;&nbsp;&nbsp;&nbsp;&nbsp;&nbsp;.redirectionEndpoint()<br>\n &nbsp;&nbsp;&nbsp;&nbsp;&nbsp;&nbsp;&nbsp;&nbsp;&nbsp;&nbsp;&nbsp;&nbsp;&nbsp;&nbsp;&nbsp;&nbsp;&nbsp;&nbsp;&nbsp;.baseUri(\"/oauth2/callback/*\")<br>\n &nbsp;&nbsp;&nbsp;&nbsp;&nbsp;&nbsp;&nbsp;&nbsp;&nbsp;&nbsp;&nbsp;&nbsp;&nbsp;&nbsp;&nbsp;&nbsp;&nbsp;&nbsp;&nbsp;.and()<br>\n &nbsp;&nbsp;&nbsp;&nbsp;&nbsp;&nbsp;&nbsp;&nbsp;&nbsp;&nbsp;&nbsp;&nbsp;&nbsp;&nbsp;&nbsp;.userInfoEndpoint()<br>\n &nbsp;&nbsp;&nbsp;&nbsp;&nbsp;&nbsp;&nbsp;&nbsp;&nbsp;&nbsp;&nbsp;&nbsp;&nbsp;&nbsp;&nbsp;&nbsp;&nbsp;&nbsp;&nbsp;.userService(customOAuth2UserService)<br>\n &nbsp;&nbsp;&nbsp;&nbsp;&nbsp;&nbsp;&nbsp;&nbsp;&nbsp;&nbsp;&nbsp;&nbsp;&nbsp;&nbsp;&nbsp;&nbsp;&nbsp;&nbsp;&nbsp;.and()<br>\n &nbsp;&nbsp;&nbsp;&nbsp;&nbsp;&nbsp;&nbsp;&nbsp;&nbsp;&nbsp;&nbsp;&nbsp;&nbsp;&nbsp;&nbsp;.successHandler(oAuth2AuthenticationSuccessHandler)<br>\n &nbsp;&nbsp;&nbsp;&nbsp;&nbsp;&nbsp;&nbsp;&nbsp;&nbsp;&nbsp;&nbsp;&nbsp;&nbsp;&nbsp;&nbsp;.failureHandler(oAuth2AuthenticationFailureHandler);<br>\n<br>\n &nbsp;&nbsp;&nbsp;http.addFilterBefore(customOncePerRequestFilter(), UsernamePasswordAuthenticationFilter.class);<br>\n}</code></pre>\n<p>코드 입니다 살려주세요 &nbsp;</p>',0,'살려주세요',0,3),(16,'2022-11-21 01:37:19.444189','2022-11-21 01:37:19.444189',NULL,0,'<p>&nbsp;</p>\n<pre><code>@Override<br>\n<br>\nprotected void configure(HttpSecurity http) throws Exception {<br>\n<br>\n &nbsp;&nbsp;&nbsp;http<br>\n<br>\n &nbsp;&nbsp;&nbsp;&nbsp;&nbsp;&nbsp;&nbsp;&nbsp;&nbsp;&nbsp;&nbsp;.cors()<br>\n<br>\n &nbsp;&nbsp;&nbsp;&nbsp;&nbsp;&nbsp;&nbsp;&nbsp;&nbsp;&nbsp;&nbsp;&nbsp;&nbsp;&nbsp;&nbsp;.and()<br>\n<br>\n &nbsp;&nbsp;&nbsp;&nbsp;&nbsp;&nbsp;&nbsp;&nbsp;&nbsp;&nbsp;&nbsp;.sessionManagement()<br>\n<br>\n &nbsp;&nbsp;&nbsp;&nbsp;&nbsp;&nbsp;&nbsp;&nbsp;&nbsp;&nbsp;&nbsp;&nbsp;&nbsp;&nbsp;&nbsp;.sessionCreationPolicy(SessionCreationPolicy.<em>STATELESS</em>)<br>\n<br>\n &nbsp;&nbsp;&nbsp;&nbsp;&nbsp;&nbsp;&nbsp;&nbsp;&nbsp;&nbsp;&nbsp;&nbsp;&nbsp;&nbsp;&nbsp;.and()<br>\n<br>\n &nbsp;&nbsp;&nbsp;&nbsp;&nbsp;&nbsp;&nbsp;&nbsp;&nbsp;&nbsp;&nbsp;.csrf()<br>\n<br>\n &nbsp;&nbsp;&nbsp;&nbsp;&nbsp;&nbsp;&nbsp;&nbsp;&nbsp;&nbsp;&nbsp;&nbsp;&nbsp;&nbsp;&nbsp;.disable()<br>\n<br>\n &nbsp;&nbsp;&nbsp;&nbsp;&nbsp;&nbsp;&nbsp;&nbsp;&nbsp;&nbsp;&nbsp;.formLogin()<br>\n<br>\n &nbsp;&nbsp;&nbsp;&nbsp;&nbsp;&nbsp;&nbsp;&nbsp;&nbsp;&nbsp;&nbsp;&nbsp;&nbsp;&nbsp;&nbsp;.disable()<br>\n<br>\n &nbsp;&nbsp;&nbsp;&nbsp;&nbsp;&nbsp;&nbsp;&nbsp;&nbsp;&nbsp;&nbsp;.httpBasic()<br>\n<br>\n &nbsp;&nbsp;&nbsp;&nbsp;&nbsp;&nbsp;&nbsp;&nbsp;&nbsp;&nbsp;&nbsp;&nbsp;&nbsp;&nbsp;&nbsp;.disable()<br>\n<br>\n &nbsp;&nbsp;&nbsp;&nbsp;&nbsp;&nbsp;&nbsp;&nbsp;&nbsp;&nbsp;&nbsp;.exceptionHandling()<br>\n<br>\n &nbsp;&nbsp;&nbsp;&nbsp;&nbsp;&nbsp;&nbsp;&nbsp;&nbsp;&nbsp;&nbsp;&nbsp;&nbsp;&nbsp;&nbsp;.authenticationEntryPoint(new CustomAuthenticationEntryPoint())<br>\n<br>\n &nbsp;&nbsp;&nbsp;&nbsp;&nbsp;&nbsp;&nbsp;&nbsp;&nbsp;&nbsp;&nbsp;&nbsp;&nbsp;&nbsp;&nbsp;.and()<br>\n<br>\n &nbsp;&nbsp;&nbsp;&nbsp;&nbsp;&nbsp;&nbsp;&nbsp;&nbsp;&nbsp;&nbsp;.authorizeRequests()<br>\n<br>\n &nbsp;&nbsp;&nbsp;&nbsp;&nbsp;&nbsp;&nbsp;&nbsp;&nbsp;&nbsp;&nbsp;.antMatchers(HttpMethod.<em>POST</em>,\"/question\", \"/tags/regist\", \"/answer/\",\"/answer/accept/*,\",\"/answer/comment\").authenticated()<br>\n<br>\n &nbsp;&nbsp;&nbsp;&nbsp;&nbsp;&nbsp;&nbsp;&nbsp;&nbsp;&nbsp;&nbsp;.antMatchers(HttpMethod.<em>PUT</em>,\"/answer/*\",\"/answer/comment\").authenticated()<br>\n<br>\n &nbsp;&nbsp;&nbsp;&nbsp;&nbsp;&nbsp;&nbsp;&nbsp;&nbsp;&nbsp;&nbsp;.antMatchers(HttpMethod.<em>DELETE</em>,\"/answer/*\",\"/answer/comment\").authenticated()<br>\n<br>\n &nbsp;&nbsp;&nbsp;&nbsp;&nbsp;&nbsp;&nbsp;&nbsp;&nbsp;&nbsp;&nbsp;&nbsp;&nbsp;&nbsp;&nbsp;.anyRequest()<br>\n<br>\n &nbsp;&nbsp;&nbsp;&nbsp;&nbsp;&nbsp;&nbsp;&nbsp;&nbsp;&nbsp;&nbsp;&nbsp;&nbsp;&nbsp;&nbsp;&nbsp;&nbsp;&nbsp;&nbsp;.permitAll()<br>\n<br>\n &nbsp;&nbsp;&nbsp;&nbsp;&nbsp;&nbsp;&nbsp;&nbsp;&nbsp;&nbsp;&nbsp;&nbsp;&nbsp;&nbsp;&nbsp;.and()<br>\n<br>\n &nbsp;&nbsp;&nbsp;&nbsp;&nbsp;&nbsp;&nbsp;&nbsp;&nbsp;&nbsp;&nbsp;.oauth2Login()<br>\n<br>\n &nbsp;&nbsp;&nbsp;&nbsp;&nbsp;&nbsp;&nbsp;&nbsp;&nbsp;&nbsp;&nbsp;&nbsp;&nbsp;&nbsp;&nbsp;.authorizationEndpoint()<br>\n<br>\n &nbsp;&nbsp;&nbsp;&nbsp;&nbsp;&nbsp;&nbsp;&nbsp;&nbsp;&nbsp;&nbsp;&nbsp;&nbsp;&nbsp;&nbsp;&nbsp;&nbsp;&nbsp;&nbsp;.baseUri(\"/oauth2/authorize\")<br>\n<br>\n &nbsp;&nbsp;&nbsp;&nbsp;&nbsp;&nbsp;&nbsp;&nbsp;&nbsp;&nbsp;&nbsp;&nbsp;&nbsp;&nbsp;&nbsp;&nbsp;&nbsp;&nbsp;&nbsp;.authorizationRequestRepository(customAuthorizationRequestRepository)<br>\n<br>\n &nbsp;&nbsp;&nbsp;&nbsp;&nbsp;&nbsp;&nbsp;&nbsp;&nbsp;&nbsp;&nbsp;&nbsp;&nbsp;&nbsp;&nbsp;&nbsp;&nbsp;&nbsp;&nbsp;.and()<br>\n<br>\n &nbsp;&nbsp;&nbsp;&nbsp;&nbsp;&nbsp;&nbsp;&nbsp;&nbsp;&nbsp;&nbsp;&nbsp;&nbsp;&nbsp;&nbsp;.redirectionEndpoint()<br>\n<br>\n &nbsp;&nbsp;&nbsp;&nbsp;&nbsp;&nbsp;&nbsp;&nbsp;&nbsp;&nbsp;&nbsp;&nbsp;&nbsp;&nbsp;&nbsp;&nbsp;&nbsp;&nbsp;&nbsp;.baseUri(\"/oauth2/callback/*\")<br>\n<br>\n &nbsp;&nbsp;&nbsp;&nbsp;&nbsp;&nbsp;&nbsp;&nbsp;&nbsp;&nbsp;&nbsp;&nbsp;&nbsp;&nbsp;&nbsp;&nbsp;&nbsp;&nbsp;&nbsp;.and()<br>\n<br>\n &nbsp;&nbsp;&nbsp;&nbsp;&nbsp;&nbsp;&nbsp;&nbsp;&nbsp;&nbsp;&nbsp;&nbsp;&nbsp;&nbsp;&nbsp;.userInfoEndpoint()<br>\n<br>\n &nbsp;&nbsp;&nbsp;&nbsp;&nbsp;&nbsp;&nbsp;&nbsp;&nbsp;&nbsp;&nbsp;&nbsp;&nbsp;&nbsp;&nbsp;&nbsp;&nbsp;&nbsp;&nbsp;.userService(customOAuth2UserService)<br>\n<br>\n &nbsp;&nbsp;&nbsp;&nbsp;&nbsp;&nbsp;&nbsp;&nbsp;&nbsp;&nbsp;&nbsp;&nbsp;&nbsp;&nbsp;&nbsp;&nbsp;&nbsp;&nbsp;&nbsp;.and()<br>\n<br>\n &nbsp;&nbsp;&nbsp;&nbsp;&nbsp;&nbsp;&nbsp;&nbsp;&nbsp;&nbsp;&nbsp;&nbsp;&nbsp;&nbsp;&nbsp;.successHandler(oAuth2AuthenticationSuccessHandler)<br>\n<br>\n &nbsp;&nbsp;&nbsp;&nbsp;&nbsp;&nbsp;&nbsp;&nbsp;&nbsp;&nbsp;&nbsp;&nbsp;&nbsp;&nbsp;&nbsp;.failureHandler(oAuth2AuthenticationFailureHandler);<br>\n<br>\n<br>\n<br>\n &nbsp;&nbsp;&nbsp;http.addFilterBefore(customOncePerRequestFilter(), UsernamePasswordAuthenticationFilter.class);<br>\n<br>\n}</code></pre>\n<p>코드 입니다 살려주세요 &nbsp;</p>',0,'python이란 무엇일까요...',0,3),(17,'2022-11-21 04:33:55.640291','2022-11-21 04:33:55.640291',NULL,0,'<p>hook이 매우 중요하고 앞으로의 react에서는 hook 기반 use~~를 주로 사용한다고 하는데 왜 이런 방식을 지향하는 걸까요?</p>',0,'react.js의 함수열 컴포넌트에서 hook의 의미와 역할, 작동원리를 알려주세요. ',0,5);
/*!40000 ALTER TABLE `question` ENABLE KEYS */;
UNLOCK TABLES;

--
-- Table structure for table `question_tag`
--

DROP TABLE IF EXISTS `question_tag`;
/*!40101 SET @saved_cs_client     = @@character_set_client */;
/*!50503 SET character_set_client = utf8mb4 */;
CREATE TABLE `question_tag` (
  `question_tag_seq` bigint unsigned NOT NULL AUTO_INCREMENT,
  `created_time` datetime(6) DEFAULT NULL,
  `modified_time` datetime(6) DEFAULT NULL,
  `question_seq` bigint unsigned DEFAULT NULL,
  `tag_seq` bigint DEFAULT NULL,
  PRIMARY KEY (`question_tag_seq`),
  KEY `FKjxqkvuv3t4hdxy3t1r357k0xp` (`question_seq`),
  KEY `FKab1y7l47sgi3t4w1cru54cn1e` (`tag_seq`),
  CONSTRAINT `FKab1y7l47sgi3t4w1cru54cn1e` FOREIGN KEY (`tag_seq`) REFERENCES `tag` (`tag_seq`),
  CONSTRAINT `FKjxqkvuv3t4hdxy3t1r357k0xp` FOREIGN KEY (`question_seq`) REFERENCES `question` (`question_seq`)
) ENGINE=InnoDB AUTO_INCREMENT=21 DEFAULT CHARSET=utf8mb4 COLLATE=utf8mb4_unicode_ci;
/*!40101 SET character_set_client = @saved_cs_client */;

--
-- Dumping data for table `question_tag`
--

LOCK TABLES `question_tag` WRITE;
/*!40000 ALTER TABLE `question_tag` DISABLE KEYS */;
INSERT INTO `question_tag` VALUES (1,'2022-11-20 15:52:18.407933','2022-11-20 15:52:18.407933',1,2),(2,'2022-11-20 21:00:50.924194','2022-11-20 21:00:50.924194',2,32),(3,'2022-11-20 21:00:50.927059','2022-11-20 21:00:50.927059',2,1),(4,'2022-11-20 21:04:40.620509','2022-11-20 21:04:40.620509',3,16),(5,'2022-11-20 21:35:46.276699','2022-11-20 21:35:46.276699',4,2),(6,'2022-11-20 21:35:46.279298','2022-11-20 21:35:46.279298',4,1),(7,'2022-11-20 21:38:08.223722','2022-11-20 21:38:08.223722',5,1),(8,'2022-11-20 23:04:53.124553','2022-11-20 23:04:53.124553',6,2),(9,'2022-11-20 23:23:50.288280','2022-11-20 23:23:50.288280',7,2),(10,'2022-11-20 23:38:50.366126','2022-11-20 23:38:50.366126',8,2),(11,'2022-11-20 23:38:50.368208','2022-11-20 23:38:50.368208',8,1),(12,'2022-11-20 23:50:56.664679','2022-11-20 23:50:56.664679',9,34),(13,'2022-11-20 23:52:11.496603','2022-11-20 23:52:11.496603',10,34),(14,'2022-11-21 00:19:00.106829','2022-11-21 00:19:00.106829',11,34),(15,'2022-11-21 00:57:03.990481','2022-11-21 00:57:03.990481',13,34),(16,'2022-11-21 01:08:42.056271','2022-11-21 01:08:42.056271',14,3),(17,'2022-11-21 01:13:12.027581','2022-11-21 01:13:12.027581',15,34),(18,'2022-11-21 01:37:19.447164','2022-11-21 01:37:19.447164',16,34),(19,'2022-11-21 04:33:55.642893','2022-11-21 04:33:55.642893',17,1),(20,'2022-11-21 04:33:55.645432','2022-11-21 04:33:55.645432',17,16);
/*!40000 ALTER TABLE `question_tag` ENABLE KEYS */;
UNLOCK TABLES;

--
-- Table structure for table `question_updown`
--

DROP TABLE IF EXISTS `question_updown`;
/*!40101 SET @saved_cs_client     = @@character_set_client */;
/*!50503 SET character_set_client = utf8mb4 */;
CREATE TABLE `question_updown` (
  `question_updown_seq` bigint unsigned NOT NULL AUTO_INCREMENT,
  `question_updown_type` varchar(4) COLLATE utf8mb4_unicode_ci DEFAULT NULL,
  `question_seq` bigint unsigned DEFAULT NULL,
  `user_seq` bigint unsigned DEFAULT NULL,
  PRIMARY KEY (`question_updown_seq`),
  KEY `FKgiq0ppsddjc1xemlgr2j5j8by` (`question_seq`),
  KEY `FKgd11ft4tf2978w87lg0ckn032` (`user_seq`),
  CONSTRAINT `FKgd11ft4tf2978w87lg0ckn032` FOREIGN KEY (`user_seq`) REFERENCES `user` (`user_seq`),
  CONSTRAINT `FKgiq0ppsddjc1xemlgr2j5j8by` FOREIGN KEY (`question_seq`) REFERENCES `question` (`question_seq`)
) ENGINE=InnoDB AUTO_INCREMENT=5 DEFAULT CHARSET=utf8mb4 COLLATE=utf8mb4_unicode_ci;
/*!40101 SET character_set_client = @saved_cs_client */;

--
-- Dumping data for table `question_updown`
--

LOCK TABLES `question_updown` WRITE;
/*!40000 ALTER TABLE `question_updown` DISABLE KEYS */;
INSERT INTO `question_updown` VALUES (1,'UP',1,1),(2,'UP',7,1),(4,'UP',7,4);
/*!40000 ALTER TABLE `question_updown` ENABLE KEYS */;
UNLOCK TABLES;

--
-- Table structure for table `reputation_log`
--

DROP TABLE IF EXISTS `reputation_log`;
/*!40101 SET @saved_cs_client     = @@character_set_client */;
/*!50503 SET character_set_client = utf8mb4 */;
CREATE TABLE `reputation_log` (
  `reputation_log_seq` bigint unsigned NOT NULL AUTO_INCREMENT,
  `created_time` datetime(6) DEFAULT NULL,
  `modified_time` datetime(6) DEFAULT NULL,
  `reputation_log_message` varchar(100) COLLATE utf8mb4_unicode_ci DEFAULT NULL,
  `question_seq` bigint unsigned DEFAULT NULL,
  `reputation_log_score` int DEFAULT NULL,
  `user_seq` bigint unsigned DEFAULT NULL,
  PRIMARY KEY (`reputation_log_seq`),
  KEY `FKa80cmvg71hq4xdspqjnj87d92` (`user_seq`),
  CONSTRAINT `FKa80cmvg71hq4xdspqjnj87d92` FOREIGN KEY (`user_seq`) REFERENCES `user` (`user_seq`)
) ENGINE=InnoDB AUTO_INCREMENT=49 DEFAULT CHARSET=utf8mb4 COLLATE=utf8mb4_unicode_ci;
/*!40101 SET character_set_client = @saved_cs_client */;

--
-- Dumping data for table `reputation_log`
--

LOCK TABLES `reputation_log` WRITE;
/*!40000 ALTER TABLE `reputation_log` DISABLE KEYS */;
INSERT INTO `reputation_log` VALUES (1,'2022-11-20 15:52:18.415090','2022-11-20 15:52:18.415090','질문 작성',1,15,1),(2,'2022-11-20 15:53:16.422037','2022-11-20 15:53:16.422037','답변 작성',1,10,1),(3,'2022-11-20 15:53:22.681245','2022-11-20 15:53:22.681245','답변 추천',1,3,1),(4,'2022-11-20 15:53:24.105388','2022-11-20 15:53:24.105388','질문 추천',1,3,1),(5,'2022-11-20 18:43:48.048182','2022-11-20 18:43:48.048182','답변 추천',1,3,1),(6,'2022-11-20 21:00:50.928745','2022-11-20 21:00:50.928745','질문 작성',2,15,5),(7,'2022-11-20 21:04:40.621865','2022-11-20 21:04:40.621865','질문 작성',3,15,5),(8,'2022-11-20 21:35:46.280942','2022-11-20 21:35:46.280942','질문 작성',4,15,5),(9,'2022-11-20 21:38:08.225780','2022-11-20 21:38:08.225780','질문 작성',5,15,5),(10,'2022-11-20 23:04:53.127859','2022-11-20 23:04:53.127859','질문 작성',6,15,6),(11,'2022-11-20 23:05:26.638093','2022-11-20 23:05:26.638093','답변 작성',2,10,6),(12,'2022-11-20 23:06:22.425849','2022-11-20 23:06:22.425849','답변 작성',2,10,6),(13,'2022-11-20 23:06:30.244080','2022-11-20 23:06:30.244080','답변 추천',2,3,6),(14,'2022-11-20 23:06:30.534827','2022-11-20 23:06:30.534827','답변 추천',2,3,6),(15,'2022-11-20 23:06:31.120947','2022-11-20 23:06:31.120947','답변 추천',2,3,6),(16,'2022-11-20 23:23:50.289489','2022-11-20 23:23:50.289489','질문 작성',7,15,3),(17,'2022-11-20 23:24:06.724382','2022-11-20 23:24:06.724382','답변 작성',6,10,3),(18,'2022-11-20 23:24:15.030976','2022-11-20 23:24:15.030976','답변 작성',6,10,3),(19,'2022-11-20 23:34:41.234746','2022-11-20 23:34:41.234746','답변 작성',7,10,1),(20,'2022-11-20 23:34:44.744002','2022-11-20 23:34:44.744002','질문 추천',7,3,3),(21,'2022-11-20 23:35:16.905927','2022-11-20 23:35:16.905927','답변 작성',7,10,4),(22,'2022-11-20 23:35:22.874296','2022-11-20 23:35:22.874296','질문 추천',7,3,3),(23,'2022-11-20 23:35:23.838934','2022-11-20 23:35:23.838934','질문 추천',7,3,3),(24,'2022-11-20 23:35:23.949808','2022-11-20 23:35:23.949808','답변 작성',6,10,1),(25,'2022-11-20 23:35:24.903442','2022-11-20 23:35:24.903442','질문 추천',7,3,3),(26,'2022-11-20 23:35:37.985714','2022-11-20 23:35:37.985714','답변 작성',7,10,1),(27,'2022-11-20 23:38:50.369244','2022-11-20 23:38:50.369244','질문 작성',8,15,4),(28,'2022-11-20 23:50:56.690737','2022-11-20 23:50:56.690737','질문 작성',9,15,3),(29,'2022-11-20 23:52:11.497916','2022-11-20 23:52:11.497916','질문 작성',10,15,3),(30,'2022-11-21 00:19:00.114964','2022-11-21 00:19:00.114964','질문 작성',11,15,3),(31,'2022-11-21 00:19:29.658669','2022-11-21 00:19:29.658669','답변 작성',11,10,4),(32,'2022-11-21 00:19:33.380888','2022-11-21 00:19:33.380888','답변 작성',8,10,3),(33,'2022-11-21 00:19:51.867743','2022-11-21 00:19:51.867743','답변 채택',11,20,4),(34,'2022-11-21 00:39:07.124138','2022-11-21 00:39:07.124138','질문 작성',12,15,6),(35,'2022-11-21 00:57:03.991781','2022-11-21 00:57:03.991781','질문 작성',13,15,3),(36,'2022-11-21 00:57:22.422497','2022-11-21 00:57:22.422497','답변 작성',12,10,3),(37,'2022-11-21 00:57:33.729504','2022-11-21 00:57:33.729504','답변 작성',13,10,4),(38,'2022-11-21 00:57:47.159564','2022-11-21 00:57:47.159564','답변 채택',13,20,4),(39,'2022-11-21 01:08:42.057492','2022-11-21 01:08:42.057492','질문 작성',14,15,5),(40,'2022-11-21 01:13:12.028954','2022-11-21 01:13:12.028954','질문 작성',15,15,3),(41,'2022-11-21 01:13:25.614344','2022-11-21 01:13:25.614344','답변 작성',14,10,3),(42,'2022-11-21 01:13:32.657402','2022-11-21 01:13:32.657402','답변 작성',15,10,4),(43,'2022-11-21 01:13:40.363843','2022-11-21 01:13:40.363843','답변 채택',15,20,4),(44,'2022-11-21 01:29:02.137699','2022-11-21 01:29:02.137699','답변 작성',14,10,3),(45,'2022-11-21 01:29:07.617390','2022-11-21 01:29:07.617390','답변 작성',15,10,4),(46,'2022-11-21 01:29:19.623356','2022-11-21 01:29:19.623356','답변 채택',15,20,4),(47,'2022-11-21 01:37:19.448279','2022-11-21 01:37:19.448279','질문 작성',16,15,3),(48,'2022-11-21 04:33:55.646604','2022-11-21 04:33:55.646604','질문 작성',17,15,5);
/*!40000 ALTER TABLE `reputation_log` ENABLE KEYS */;
UNLOCK TABLES;

--
-- Table structure for table `room`
--

DROP TABLE IF EXISTS `room`;
/*!40101 SET @saved_cs_client     = @@character_set_client */;
/*!50503 SET character_set_client = utf8mb4 */;
CREATE TABLE `room` (
  `room_seq` bigint unsigned NOT NULL AUTO_INCREMENT,
  `created_time` datetime(6) DEFAULT NULL,
  `user1_deleted` bit(1) DEFAULT NULL,
  `user1_seq` bigint DEFAULT NULL,
  `user2_deleted` bit(1) DEFAULT NULL,
  `user2_seq` bigint DEFAULT NULL,
  PRIMARY KEY (`room_seq`)
) ENGINE=InnoDB AUTO_INCREMENT=14 DEFAULT CHARSET=utf8mb4 COLLATE=utf8mb4_unicode_ci;
/*!40101 SET character_set_client = @saved_cs_client */;

--
-- Dumping data for table `room`
--

LOCK TABLES `room` WRITE;
/*!40000 ALTER TABLE `room` DISABLE KEYS */;
INSERT INTO `room` VALUES (1,'2022-11-20 16:10:08.489952',_binary '\0',2,_binary '\0',1),(2,'2022-11-20 16:22:43.717872',_binary '\0',2,_binary '\0',3),(3,'2022-11-20 22:00:39.748772',_binary '\0',6,_binary '\0',5),(4,'2022-11-20 22:33:42.978905',_binary '\0',6,_binary '\0',1),(5,'2022-11-20 22:50:34.242072',_binary '\0',6,_binary '\0',2),(6,'2022-11-20 22:50:38.802063',_binary '\0',6,_binary '\0',3),(7,'2022-11-20 22:50:46.975168',_binary '\0',6,_binary '\0',4),(8,'2022-11-20 23:30:45.324709',_binary '\0',1,_binary '\0',5),(9,'2022-11-20 23:31:05.535312',_binary '\0',4,_binary '\0',5),(10,'2022-11-20 23:31:20.069539',_binary '\0',1,_binary '\0',3),(11,'2022-11-20 23:33:15.750025',_binary '\0',3,_binary '\0',5),(12,'2022-11-20 23:53:49.645410',_binary '\0',3,_binary '\0',4),(13,'2022-11-21 00:00:14.509341',_binary '\0',5,_binary '\0',2);
/*!40000 ALTER TABLE `room` ENABLE KEYS */;
UNLOCK TABLES;

--
-- Table structure for table `tag`
--

DROP TABLE IF EXISTS `tag`;
/*!40101 SET @saved_cs_client     = @@character_set_client */;
/*!50503 SET character_set_client = utf8mb4 */;
CREATE TABLE `tag` (
  `tag_seq` bigint NOT NULL AUTO_INCREMENT,
  `created_time` datetime(6) DEFAULT NULL,
  `modified_time` datetime(6) DEFAULT NULL,
  `tag_description` text COLLATE utf8mb4_unicode_ci NOT NULL,
  `tag_name` varchar(50) COLLATE utf8mb4_unicode_ci NOT NULL,
  PRIMARY KEY (`tag_seq`)
) ENGINE=InnoDB AUTO_INCREMENT=44 DEFAULT CHARSET=utf8mb4 COLLATE=utf8mb4_unicode_ci;
/*!40101 SET character_set_client = @saved_cs_client */;

--
-- Dumping data for table `tag`
--

LOCK TABLES `tag` WRITE;
/*!40000 ALTER TABLE `tag` DISABLE KEYS */;
INSERT INTO `tag` VALUES (1,'2022-11-20 15:33:44.933000','2022-11-20 15:33:44.933000','Ecma International의 프로토타입 기반의 프로그래밍 언어로, 스크립트 언어에 해당된다. 특수한 목적이 아닌 이상 모든 웹 브라우저에 인터프리터가 내장되어 있다. 오늘날 HTML, CSS와 함께 웹을 구성하는 요소 중 하나다. HTML이 웹 페이지의 기본 구조를 담당하고, CSS가 디자인을 담당한다면 JavaScript는 클라이언트 단에서 웹 페이지가 동작하는 것을 담당한다.[1] 웹 페이지를 자동차에 비유하자면, HTML은 자동차의 뼈대, CSS는 자동차의 외관, JavaScript는 자동차의 동력이라고 볼 수 있다.\n\n썬 마이크로시스템즈(현재 오라클)에서 개발한 Java와는 별 관계가 없는 언어이다. 이름이 비슷하다고 같은 언어가 아니다. 사람들이 흔히 헷갈리는 부분 중 하나라 Java의 소유자인 오라클에서도 아니라고 강조한다.[2] 실질적인 구동 방식도 Java Virtual Machine을 이용해서 돌리는 Java와, 브라우저 내에 스크립트 엔진(인터프리터)이 존재하는 JavaScript는 완전히 다르다. 햄이랑 햄스터가 다르고 파와 파슬리가 다르며, 인도가 인도네시아와 다르듯 심지어는 웹 서버용 파생 규격도 다르다.','javascript'),(2,'2022-11-20 15:33:49.303156','2022-11-20 15:33:49.303156','파이썬[3](영어: Python)은 1991년[4] 네덜란드계 소프트웨어 엔지니어인 귀도 반 로섬[5]이 발표한 고급 프로그래밍 언어로, 플랫폼에 독립적이며 인터프리터식, 객체지향적, 동적 타이핑(dynamically typed) 대화형 언어이다. 파이썬이라는 이름은 귀도가 좋아하는 코미디인〈Monty Python\'s Flying Circus〉에서 따온 것이다. 이름에서 고대신화에 나오는 커다란 뱀을 연상하는 경우도 있겠지만, 이와는 무관하다. 다만 로고에는 뱀 두마리가 형상화되어 있다.\n\n파이썬은 비영리의 파이썬 소프트웨어 재단이 관리하는 개방형, 공동체 기반 개발 모델을 가지고 있다.','python'),(3,'2022-11-20 15:33:52.328100','2022-11-20 15:33:52.328100','썬 마이크로시스템즈에서 1995년에 개발한 객체 지향 프로그래밍 언어. 창시자는 제임스 고슬링이다. 2010년에 오라클이 썬 마이크로시스템즈를 인수하면서 Java의 저작권을 소유하였다. 현재는 OpenJDK는 GPL2이나 오라클이 배포하는 Oracle JDK는 상업라이선스로 2019년 1월부터 유료화정책을 강화하고 있다. Java EE는 이클립스 재단의 소유이다. Java 언어는 J2SE 1.4부터는 Java Community Process (JCP)에서 개발을 주도하고 있다.\n\nC#과 문법적 성향이 굉장히 비슷하며[2], 그에 비해 2019년 Q3에서 가장 많이 이용하는 언어로 뽑혔다.','java'),(4,'2022-11-20 15:33:54.896850','2022-11-20 15:33:54.896850','2000년 7월에 개최되었던 Professional Developers Conference(PDC)에서[5] .NET 프로젝트와 함께 발표된 객체 지향 프로그래밍 언어. 한국어로 쓸 때는 \'씨샵\', \'씨 샤프\'등 으로 쓴다. 마이크로소프트에서 개발되었으며, 1983년에 등장한 C++와 1995년에 등장한 Java에서 강한 영향을 받았다. 확장자는 .cs다.\n\n온라인 상으로 코드를 실행시켜 보고 싶다면 여기로.\n\n유니티의 스크립팅 언어로 매우 유명하며, 본래 목적이었던 닷넷은 물론 openCV[6], Xamarin에서도 사용하는 언어로서 그 지위와 대중성이 확고하다.','c#'),(5,'2022-11-20 15:34:00.267504','2022-11-20 15:34:00.267504','대표적인 서버 사이드 스크립트 언어로 전 세계 수많은 웹 시스템의 기반이 되는 언어. 비슷한 언어로는 ASP, JSP 등이 있다. C-like 문법[5]으로 되어 있고, CGI보다 나으며, Perl처럼 배열이 연관 배열이라 자료 구조가 간편하고, 기본적으로 내장된 웹 관련 함수들이 많아 웹 페이지 제작 시 생산성이 높다는 점에서 사용자 및 사용처가 많다. 1995년 라스무스 러돌프가 처음 공개했고, 지금은 The PHP Group에서 개발 및 관리를 맡고 있다.\n\nPHP라는 이름은 원래 Personal Home Page Tools였는데, 지금은 PHP: Hypertext Preprocessor의 재귀 약자를 사용하고 있다.\n\n워드프레스, 미디어위키 등의 많은 애플리케이션이 PHP로 작성되어 있다. 웹서핑을 하다 보면 쓰는 곳이 많다는 걸 발견할 수 있다. 한국에서 점유율이 높은 CMS인 라이믹스, 그누보드(영카트), 그리고 중소 개인 쇼핑몰과 인터넷 커뮤니티, 언론사 등 대다수 웹사이트들이 PHP로 제작되어 있다.','php'),(6,'2022-11-20 15:34:02.934516','2022-11-20 15:34:02.934516','Android는 Linux 커널을 기반으로 Google에서 제작하고 있는 스마트폰과 같은 플랫폼의 모바일 운영 체제와 미들웨어 및 중요 애플리케이션이 포함된 소프트웨어 집합이다. Google은 새로운 운영 체제의 버전 공개와 동시에 소스를 공개하고 있다. 이렇게 공개된 소스를 AOSP라고 한다.\n\n의외로 많이들 지나치는 사실이지만 원래는 Google에서 개발한 운영체제가 아니다. 앤디 루빈이 설립한 Android Inc.에서 개발했으며 Google이 이 회사를 인수하여 정식 공개 때 Google 이름으로 달고 공개된 것이다.\n\n2019년 Android는 세계에서 가장 대표적인 오픈 소스 플랫폼이며 세계 최다 사용자를 보유한 모바일 운영 체제다. 소스코드 공식 사이트 2008년에 1.0 버전이 첫 등장했다.\n\n2021년 기준 Android(72.20%)와 iOS 점유율(26.99%)을 합치면 99.18%이다. 스마트폰 OS 점유율 3위였던 Windows Phone의 점유율조차 0.02%까지 떨어져서[3] 결국 Microsoft에서도 모바일 운영 체제 시장 포기를 선언하였고[4] 모바일 OS 시장은 Android와 iOS로 정리되었다. iOS는 Apple 전용 운영체제이고 KaiOS는 피쳐폰 전용 OS니 사실상 iPhone을 제외한 시장에 출시된 모든 스마트폰에 탑재되어 있는 셈이다. 자세한 내용은 운영체제/점유율 문서를 참조.','android'),(7,'2022-11-20 15:34:05.283588','2022-11-20 15:34:05.283588','하이퍼 텍스트 마크업 언어(영어: Hyper Text Markup Language, HTML, 문화어: 초본문표식달기언어, 하이퍼본문표식달기언어)는 웹 페이지 표시를 위해 개발된 지배적인 마크업 언어다. 또한, HTML은 제목, 단락, 목록 등과 같은 본문을 위한 구조적 의미를 나타내는 것뿐만 아니라 링크, 인용과 그 밖의 항목으로 구조적 문서를 만들 수 있는 방법을 제공한다. 그리고 이미지와 객체를 내장하여 대화형 양식을 생성하는 데 사용될 수 있다. HTML은 웹 페이지 콘텐츠 안의 꺾쇠 괄호에 둘러싸인 \"태그\"로 되어있는 HTML 요소 형태로 작성한다. HTML은 웹 브라우저와 같은 HTML 처리 장치의 행동에 영향을 주는 자바스크립트, 본문과 그 밖의 항목의 외관과 배치를 정의하는 CSS 같은 스크립트를 포함하거나 불러올 수 있다. HTML과 CSS 표준의 공동 책임자인 W3C는 명확하고 표상적인 마크업을 위하여 CSS의 사용을 권장한다.[1]','html'),(8,'2022-11-20 15:34:07.895216','2022-11-20 15:34:07.895216','jQuery(제이쿼리)는 HTML의 클라이언트 사이드 조작을 단순화 하도록 설계된 크로스 플랫폼의 자바스크립트 라이브러리다. 존 레식이 2006년 뉴욕 시 바캠프(Barcamp NYC)에서 공식적으로 소개하였다.\n\njQuery는 MIT 라이선스를 가진 자유 오픈 소프트웨어이다.[2] jQuery의 문법은 코드 보기, 문서 객체 모델 찾기, 애니메이션 만들기, 이벤트 제어, Ajax 개발을 쉽게 할 수 있도록 디자인되었다. 또한, jQuery는 개발자가 플러그인을 개발할 수 있는 기능을 제공한다.\n\n마이크로소프트와 노키아는 자사 플랫폼에 jQuery를 포함하는 계획을 발표한 바 있다.[3] 마이크로소프트는 비주얼스튜디오[4]의 ASP.NET AJAX 프레임워크와 ASP.NET MVC 프레임워크에 적용했고, 노키아는 자사의 런타임 웹 위젯 개발 플랫폼에 통합하였다.[5]','jquery'),(9,'2022-11-20 15:34:11.084370','2022-11-20 15:34:11.084370','덴마크의 컴퓨터 과학자 비야네 스트로스트룹(Bjarne Stroustrup)[5]가 C언어를 바탕으로 만들었다. C 계열 언어에서 \"++\"라는 것은 1을 더해서 원래 변수에 대입하라는 뜻이다.[6] C는 B 언어를 계승한다는 의미에서 C가 되었는데 왜 C++가 D가 아니라 C++가 되었냐 하면 C 언어를 거의 그대로 두고 필요한 만큼만 향상시켰기 때문이다. 그래서 C에서 되는 게 C++에서도 된다. 비슷한 이름인 C#과의 차이도 이러한 점에서 나타난다.\n\nC++ 커뮤니티는 C++가 단순히 객체지향 프로그래밍 언어라고 분류되는 것을 오류라고 여긴다. C++의 제작자인 Bjarne Stroustrup은 C++가 단순한 객체 지향 프로그래밍 언어가 아니다 라고 설명했다. # C++는 프로그래머의 자유도가 높은 언어로써, 객체 지향이나 절차 지향 등의 설계에 제한을 두지 않는다. C++에서는 객체지향 프로그래밍 패러다임과 동등한 강도로 일반화 프로그래밍 패러다임을 강조하고 있다. 스트로우스트루프의 책 The C++ Programming Language 4판을 참고하면 \"3부 추상화 메커니즘\" 단원의 절반(7개 섹션)은 객체지향, 나머지 절반(7개 섹션)은 일반화 프로그래밍에 할애하고 있다. 그리고 \"4부 표준 라이브러리\" 단원의 1/3이 STL이고, 2/3는 나머지 표준 라이브러리를 설명하고 있다. 쉽게 말하자면 C++는 기존의 C 문법이 대표하는 절차적 프로그래밍, 클래스가 대표하는 객체지향 프로그래밍, 템플릿이 대표하는 일반화 프로그래밍의 세 기둥으로 지지되고 있는 언어이다. 유사한 의견으로 Effective C++의 저자 스콧 마이어스는 C++가 4가지 하위언어의 연합체라고 언급한다. C, 객체지향 C++, 템플릿 C++, STL.[7]\n\n쓸 때는 C++라고 쓰지만 읽을 때는 시 플러스 플러스, 혹은 줄여서 시플플이라고 읽는다. 한국에서는 사실상 속어에 가까운 씨쁠쁠로 불린다. \'씨뿔뿔\'로 발음되는 경우도 많다. 연세가 꽤 있으신 교수님 중에는 간혹 \'시 더블 플러스\'라고 읽는 경우도 있다. 미국에서는 그냥 씨 플러스 플러스 또는 CPP(시피피)라고 읽는다. cpp는 확장자 명이기도 하다.\n\n한국에서 컴퓨터공학과를 다닐 경우 배울 수 있는 프로그래밍 언어 3개 중에 속한다. 나머지 둘은 C와 Java.[9]','c++'),(10,'2022-11-20 15:34:16.971855','2022-11-20 15:34:16.971855','종속형 시트 또는 캐스케이딩 스타일 시트(영어: Cascading Style Sheet)는 마크업 언어가 실제 표시되는 방법을 기술하는 스타일 언어(영어: Style sheet language 스타일 시트 랭귀지[*])로[1], HTML과 XHTML에 주로 쓰이며, XML에서도 사용할 수 있다. W3C의 표준이고, 레이아웃과 스타일을 정의할 때의 자유도가 높다.\n\n기본 파일명[2]은 style.css이다.\n\n마크업 언어(ex: HTML)가 웹사이트의 몸체를 담당한다면 CSS는 옷과 액세서리처럼 꾸미는 역할을 담당한다고 할 수 있다. 즉, HTML 구조는 그대로 두고 CSS 파일만 변경해도 전혀 다른 웹사이트처럼 꾸밀 수 있다.\n\n현재 개발 중인 CSS3의 경우 그림자 효과, 그라데이션, 변형 등 그래픽 편집 프로그램으로 제작한 이미지를 대체할 수 있는 기능이 추가되었다. 또한 다양한 애니메이션 기능이 추가되어 어도비 플래시를 어느 정도 대체하고 있다.','css'),(11,'2022-11-20 15:34:19.922306','2022-11-20 15:34:19.922306','Apple이 생산하는 제품 중 iPhone, iPod touch[1]에 탑재되는 독자 운영 체제. 매년 WWDC에서 새 버전이 공개된다.','ios'),(12,'2022-11-20 15:34:23.421747','2022-11-20 15:34:23.421747','1995년에 발표된 오픈 소스 RDBMS. \'마이에스큐엘\'이라고 읽는다. \'SQL\' 부분을 \'스큐엘\'로 읽는게 공식인[1] PostgreSQL과는 달리 MySQL은 SQL을 \'에스큐엘\'로 끊어서 읽는게 공식으로 정해진 발음이다. 상징 동물은 돌고래이다.\n\n최초 제작사는 스웨덴의 MySQL AB였는데, 2008년에 썬 마이크로시스템즈에게 10억 달러에 인수되었고, 이후 2010년에 오라클이 썬을 72억 달러에 인수하면서 같이 넘어갔다. 따라서 MySQL의 실질적인 소유주는 오라클이다. 그런데 오라클은 자체 상용 RDBMS인 오라클 데이터베이스를 가지고 있고, 오픈 소스에 대해 호의적이지 않은데다 프로그램이 갈수록 복잡해지고 있어서 MySQL 사용자들 사이에서도 불안감이 커지고 있다.\n\n그래서 오픈 소스 진영에서 MySQL을 모태로 MariaDB라는 RDBMS를 만들었다. 현재 대부분의 리눅스 배포판 들은 MySQL과 MariaDB를 둘 다 기본적으로 지원하고 있다.','mysql'),(13,'2022-11-20 15:34:30.588405','2022-11-20 15:34:30.588405','Structured Query Language: SQL\n\n데이터베이스 시스템에서 자료를 처리하는 용도로 사용되는 구조적 데이터 질의 언어. 에스큐엘, 혹은 시퀄이라고 읽는다.\n\n로고는 SQL을 사용하는 회사별로 색상을 다르게 해 표현한다. 그러나 심볼 자체는 두꺼운 원반을 원통 모양으로 쌓은 모양이 공용으로 쓰인다.','sql'),(14,'2022-11-20 15:34:32.980890','2022-11-20 15:34:32.980890','1993년 뉴질랜드에 위치한 오클랜드 대학교에서 개발된 통계 및 그래프 작업을 위한 인터프리터 프로그래밍 언어이다. R이 가지는 특이사항 중 하나로, color를 colour라고 쓰는 것 또한 인정된다. 영국식 영어를 사용하는 뉴질랜드에서 개발돼서 얻은 특징인듯.\n\n참고로, R을 BSD의 일종인 TrueOS에서 설치할 수 있다. R in TrueOS 참조.','r'),(15,'2022-11-20 15:34:36.787685','2022-11-20 15:34:36.787685','2009년 5월 27일 처음 소개된 Node.js는 오픈 소스 JavaScript 엔진인 크롬 V8에 비동기 이벤트 처리 라이브러리인 libuv를 결합한 플랫폼이다. 다시 말해, JavaScript로 브라우저 밖에서 서버를 구축하는 등의 코드를 실행할 수 있게 해주는 런타임 환경이다. Ryan Dahl이 처음 개발했으며,[1] 처음엔 리눅스와 macOS만 지원되었으나 2011년 7월에 Windows 버전도 발표되었다.\n\n빈번한 I/O처리에 있어서의 우수한 성능, 서버 확장의 용이성, 무엇보다도 JavaScript라는 프론트엔드 필수 언어로 백엔드까지 작성할 수 있다는 엄청난 장점 때문에 출시 이후로 빠르게 점유율을 높여가고 있다. 특히 넷플릭스처럼 엄청나게 많은 양의 인풋 아웃풋 데이터를 처리해야 하는 서비스에 있어서 강점이 두드러진다.\n\n2014년 12월 한때 Node.js의 포크인 io.js가 나타나면서 Node.js 0.12 버전, io.js 3.3 버전까지 서로 분열된 모습으로 이어지는 듯했지만, 2015년 9월에 Node.js 4.0 버전으로 병합되어 현재에 이르렀다.\n\n2022년 10월 3일 기준으로 최신 버전은 18.10.0, LTS 버전은 16.17.1이다. 최신 버전은 기능이 불안정하거나 일부 모듈[2](패키지)이 작동하지 않을 수 있으므로 안정성을 보장하고 싶으면 LTS 버전을 사용하는 게 좋다.','node.js'),(16,'2022-11-20 15:34:41.692500','2022-11-20 15:34:41.692500','리액트(React, React.js 또는 ReactJS)는 자바스크립트 라이브러리의 하나로서[2] 사용자 인터페이스를 만들기 위해 사용된다. 페이스북과 개별 개발자 및 기업들 공동체에 의해 유지보수된다.[3][4][5]\n\n리액트는 싱글 페이지 애플리케이션이나 모바일 애플리케이션 개발에 사용될 수 있다. 대규모 또는 복잡한 리액트 애플리케이션 개발에는 보통 라우팅, API통신 등의 기능이 요구되는데 리액트에는 기본적으로 제공되지 않기 때문에 추가 라이브러리를 사용해야 한다.[6][7]','reactjs'),(17,'2022-11-20 15:34:44.780891','2022-11-20 15:34:44.780891','배열은 각각 하나 이상의 인덱스로 식별되는 요소(값, 변수 또는 참조)의 모음으로 구성된 정렬된 선형 데이터 구조입니다. 배열의 특정 변형에 대해 질문할 때는 [vector], [arraylist], [matrix]와 같은 관련 태그를 대신 사용하십시오. 프로그래밍 언어와 관련된 질문에서 이 태그를 사용할 때 사용 중인 프로그래밍 언어로 질문에 태그를 지정합니다.','arrays'),(18,'2022-11-20 15:34:47.999534','2022-11-20 15:34:47.999534','C는 시스템 프로그래밍(OS 및 임베디드), 라이브러리, 게임 및 크로스 플랫폼에 사용되는 범용 프로그래밍 언어입니다. 이 태그는 ISO 9899 표준(최신 버전, 9899:2018, 달리 지정되지 않는 한 — c89, c99, c11 등으로 버전별 요청 태그 지정)에 정의된 대로 C 언어와 관련된 일반적인 질문과 함께 사용해야 합니다. C는 C++과 구별되며 특별한 이유 없이 C++ 태그와 결합되어서는 안 됩니다.','c'),(19,'2022-11-20 15:34:53.595502','2022-11-20 15:34:53.595502','ASP.NET은 프로그래머가 동적 웹 사이트, 웹 응용 프로그램 및 웹 서비스를 구축할 수 있도록 하는 Microsoft 웹 응용 프로그램 개발 프레임워크입니다. [asp.net-mvc], [asp.net-webforms] 또는 [asp.net-web-api]와 같은 프로젝트 유형 태그와 함께 이 태그를 사용하는 것이 유용합니다. ASP.NET Core에 대한 질문에는 이 태그를 사용하지 말고 대신 [asp.net-core]를 사용하십시오.','asp.net'),(20,'2022-11-20 15:35:00.502522','2022-11-20 15:35:00.502522','JSON(JavaScript Object Notation)은 기계와 사람이 읽을 수 있는 직렬화 가능한 데이터 교환 형식입니다. 기본 JavaScript 개체 또는 JavaScript 개체 리터럴에는 이 태그를 사용하지 마십시오. 질문을 하기 전에 JSONLint(https://jsonlint.com)와 같은 JSON 유효성 검사기를 사용하여 JSON의 유효성을 검사하십시오.','json'),(21,'2022-11-20 15:35:06.296161','2022-11-20 15:35:06.296161','Ruby on Rails는 Ruby로 작성된 오픈 소스 풀스택 웹 애플리케이션 프레임워크입니다. 널리 사용되는 MVC 프레임워크 모델을 따르며 애플리케이션 개발에 대한 \"구성보다 관례\" 접근 방식으로 유명합니다.','ruby-on-rails'),(22,'2022-11-20 15:35:11.633920','2022-11-20 15:35:11.633920','Swift는 플랫폼 및 Linux용으로 2014년에 처음 출시된 Apple Inc에서 개발한 범용 프로그래밍 언어입니다. 스위프트는 오픈 소스입니다. 언어 기능에 대한 질문이나 Swift에서 코드가 필요한 경우에만 태그를 사용하십시오. 플랫폼에 대한 (언어에 구애받지 않는) 질문에 [ios], [ipados], [macos], [watch-os], [tvos], [swiftui], [cocoa-touch] 및 [cocoa] 태그를 사용하거나 프레임워크.','swift'),(23,'2022-11-20 15:35:14.419812','2022-11-20 15:35:14.419812','Django는 Python으로 작성된 오픈 소스 서버측 웹 애플리케이션 프레임워크입니다. 복잡한 데이터 기반 웹 사이트 및 웹 응용 프로그램을 만드는 데 필요한 노력을 줄이도록 설계되었으며, 적은 코드, 중복 없음 및 암시적보다 더 명시적인 것에 특별히 중점을 둡니다.','django'),(24,'2022-11-20 15:35:18.036544','2022-11-20 15:35:18.036544','이 태그는 Objective-C 기능에 관한 질문이나 해당 언어의 코드에 의존하는 질문에만 사용해야 합니다. 태그 [cocoa] 및 [cocoa-touch]는 Apple의 프레임워크 또는 클래스에 대해 질문하는 데 사용해야 합니다. 해당 플랫폼과 관련된 문제에 대해 관련 태그 [ios], [macos], [apple-watch] 및 [tvos]를 사용하십시오.','objective-c'),(25,'2022-11-20 15:35:21.652672','2022-11-20 15:35:21.652672','Google의 웹 프레임워크인 Angular(AngularJS와 혼동하지 말 것)에 대한 질문입니다. 개별 버전에 한정되지 않는 Angular 질문에 이 태그를 사용하십시오. 이전 AngularJS(1.x) 웹 프레임워크의 경우 AngularJS 태그를 사용합니다.','angular'),(26,'2022-11-20 15:35:26.235055','2022-11-20 15:35:26.235055','Excel 개체 또는 파일에 대한 프로그래밍 또는 수식 개발에 대한 질문에만 해당됩니다. 해당되는 경우 Excel 태그를 VBA, VSTO, C#, VB.NET, PowerShell, OLE 자동화 및 기타 프로그래밍 관련 태그 및 질문과 결합할 수 있습니다. [google-sheets]와 같은 다른 스프레드시트 소프트웨어와 함께 사용하지 마세요.','excel'),(27,'2022-11-20 15:35:30.000657','2022-11-20 15:35:30.000657','Pandas는 통계, 실험 과학 결과, 계량 경제학 또는 금융에서 일반적으로 발견되는 데이터 프레임, 다차원 시계열 및 단면 데이터 세트와 같은 데이터 조작 및 분석을 위한 Python 라이브러리입니다. Pandas는 Python의 주요 데이터 과학 라이브러리 중 하나입니다.','pandas'),(28,'2022-11-20 15:35:34.702414','2022-11-20 15:35:34.702414','Ruby는 다중 플랫폼 오픈 소스, 동적 객체 지향 해석 언어입니다. [ruby] 태그는 구문 및 라이브러리를 포함하여 Ruby 언어와 관련된 질문을 위한 것입니다. Ruby on Rails 질문에는 [ruby-on-rails] 태그가 지정되어야 합니다.','ruby'),(29,'2022-11-20 15:35:37.908948','2022-11-20 15:35:37.908948','Apple의 iPhone 및/또는 iPod touch를 구체적으로 언급하지 않는 한 이 태그를 사용하지 마십시오. 하드웨어에 의존하지 않는 질문의 경우 [ios] 태그를 사용하십시오. 고려해야 할 추가 태그는 [xcode](IDE 자체에 대한 질문인 경우에만 해당), [swift], [objective-c] 또는 [cocoa-touch]([cocoa] 제외)입니다. iTunes App Store 또는 iTunes Connect에 관한 질문은 삼가해 주십시오. C#을 사용하는 경우 [mono]로 태그를 지정합니다.','iphone'),(30,'2022-11-20 19:58:01.028021','2022-11-20 19:58:01.028021','코볼은 사무용으로 설계된, 영어와 같은 컴퓨터 프로그래밍 언어이다. 절차적, 명령형 언어이고, 2002년부터는 객체 지향 언어이다. 코볼은 주로 비즈니스, 금융, 회사/정부 관리 시스템에 주로 사용된다.','cobol'),(31,'2022-11-20 19:59:01.230436','2022-11-20 19:59:01.230436','아파치 루씬은 자바 언어로 이루어진 정보 검색 라이브러리 자유-오픈 소스 소프트웨어이며, 더그 커팅에 의해 개발되었다. 아파치 소프트웨어 재단에 의해 지원되며, 아파치 라이선스 하에 배포된다.','Apache Lucene'),(32,'2022-11-20 20:57:04.770567','2022-11-20 20:57:04.770567','Go는 2009년 구글에서 일하는 로버트 그리즈머, 롭 파이크, 켄 톰프슨이 개발한 프로그래밍 언어이다. 가비지 컬렉션 기능이 있고, 병행성을 잘 지원하는 컴파일 언어다. 구문이 C와 비슷하지만 메모리 보안, 쓰레기 수집, 구조 타이핑, CSP 스타일 병행성을 제공한다.','Go'),(33,'2022-11-20 23:07:28.864659','2022-11-20 23:07:28.864659','<p>NewTag</p>','NewTag'),(34,'2022-11-20 23:50:26.417041','2022-11-20 23:50:26.417041','<p>Springboot</p>','Springboot'),(35,'2022-11-20 23:53:25.972703','2022-11-20 23:53:25.972703','<p>openvidu</p>','openvidu'),(36,'2022-11-21 00:24:09.663808','2022-11-21 00:24:09.663808','<p>new</p>','new'),(37,'2022-11-21 00:24:44.624436','2022-11-21 00:24:44.624436','<p>파이토치는요~</p>','pytorch'),(38,'2022-11-21 00:24:48.810400','2022-11-21 00:24:48.810400','<p>Legend</p>','Legend'),(39,'2022-11-21 00:27:33.444084','2022-11-21 00:27:33.444084','<p>&nbsp;포트란은 1954년 IBM 704에서 과학적인 계산을 하기 위해 시작된 컴퓨터 프로그램 언어이다. FORTRAN은 수식 변환기의 약자이다.&nbsp;</p>','Fortran'),(40,'2022-11-21 00:31:30.277452','2022-11-21 00:31:30.277452','<p>pypy는 python으로 돌리는 python 이라는 뜻입니다.</p>\n<p>무슨 말장난 같아 보이지만 저희가 흔히 쓰는 python은 cPython 이라고 하는데요~</p>','pypy'),(41,'2022-11-21 00:53:30.727156','2022-11-21 00:53:30.727156','<p>haha&nbsp;</p>','haha'),(42,'2022-11-21 00:55:03.164608','2022-11-21 00:55:03.164608','도커는 리눅스의 응용 프로그램들을 프로세스 격리 기술들을 사용해 컨테이너로 실행하고 관리하는 오픈 소스 프로젝트이다. 도커 웹 페이지의 기능을 인용하면 다음과 같다: 도커 컨테이너는 일종의 소프트웨어를 소프트웨어의 실행에 필요한 모든 것을 포함하는 완전한 파일 시스템 안에 감싼다.','docker'),(43,'2022-11-21 09:07:12.431665','2022-11-21 09:07:12.431665','<p>dfdsfsdfsd</p>','fgdsdfsd');
/*!40000 ALTER TABLE `tag` ENABLE KEYS */;
UNLOCK TABLES;

--
-- Table structure for table `user`
--

DROP TABLE IF EXISTS `user`;
/*!40101 SET @saved_cs_client     = @@character_set_client */;
/*!50503 SET character_set_client = utf8mb4 */;
CREATE TABLE `user` (
  `user_seq` bigint unsigned NOT NULL AUTO_INCREMENT,
  `created_time` datetime(6) DEFAULT NULL,
  `modified_time` datetime(6) DEFAULT NULL,
  `user_about` text COLLATE utf8mb4_unicode_ci,
  `user_auth_provider` varchar(20) COLLATE utf8mb4_unicode_ci DEFAULT NULL,
  `user_email` varchar(100) COLLATE utf8mb4_unicode_ci DEFAULT NULL,
  `user_name` varchar(30) COLLATE utf8mb4_unicode_ci DEFAULT NULL,
  `user_nickname` varchar(15) COLLATE utf8mb4_unicode_ci DEFAULT NULL,
  `user_profile` varchar(255) COLLATE utf8mb4_unicode_ci DEFAULT NULL,
  `user_refresh_token` varchar(255) COLLATE utf8mb4_unicode_ci DEFAULT NULL,
  `reputation_score` int unsigned DEFAULT NULL,
  `user_role` varchar(10) COLLATE utf8mb4_unicode_ci DEFAULT NULL,
  PRIMARY KEY (`user_seq`)
) ENGINE=InnoDB AUTO_INCREMENT=7 DEFAULT CHARSET=utf8mb4 COLLATE=utf8mb4_unicode_ci;
/*!40101 SET character_set_client = @saved_cs_client */;

--
-- Dumping data for table `user`
--

LOCK TABLES `user` WRITE;
/*!40000 ALTER TABLE `user` DISABLE KEYS */;
INSERT INTO `user` VALUES (1,'2022-11-20 15:20:55.967834','2022-11-21 00:53:24.223651',NULL,'google','mihyun0921@gmail.com','이미현','이면','https://lh3.googleusercontent.com/a/ALm5wu0u27cJYB706aNOkpVbpy5H2gJ6KIrZe3Tws8iF=s96-c','eyJhbGciOiJIUzUxMiJ9.eyJleHAiOjE2Njk1NjQ0MDR9.qOLXY9ASj9EnlBFS8ix8vNkL3Q3pspqo_336TX8qVx87Y2Q_ME0-JVkpxVdvVOcKgUJUNg6VfQ5CtELKLiMusQ',64,'USER'),(2,'2022-11-20 15:35:57.826604','2022-11-20 22:49:35.486293','안녕하세요 이연정입니다^^! ','google','anwlro7958@gmail.com','이연정','맛있는 닭강정','https://koflowa.s3.ap-northeast-2.amazonaws.com/static/91db0ca7-2106-4b37-85af-883f55d7ddb5.jpg','eyJhbGciOiJIUzUxMiJ9.eyJleHAiOjE2Njk1NTY5MzZ9.fosjr6teNjiyLdHRyRcMNUckC-jnwlk22SINQhRzLn6pXccI2LKMnj4dvzwv46HrdwGr1iqod2391-cdQmkYjQ',0,'USER'),(3,'2022-11-20 16:03:33.972747','2022-11-21 08:55:47.448235',NULL,'google','ljjuni1114@gmail.com','이주형','단지우유','https://lh3.googleusercontent.com/a/ALm5wu1awDofHJ-6ZBph_UoLIqLIMqTKcMkfnkMO1bja=s96-c','eyJhbGciOiJIUzUxMiJ9.eyJleHAiOjE2Njk1OTMzNDd9.K2KiBzRiSJLomeRPTxpoVYsI4BBKpZMfuT2FXT63P1F-OYuyap467Fz33gxxIIoAlTXJ4_jebfSsEj42qNE32g',215,'USER'),(4,'2022-11-20 18:42:51.187714','2022-11-21 08:56:41.258364',NULL,'google','sw133v@gmail.com','정성우','성우!','https://lh3.googleusercontent.com/a/ALm5wu0rIHBZbVeyuUZBLRQYwt0b50xGiGN6G0ILgjmv3g=s96-c','eyJhbGciOiJIUzUxMiJ9.eyJleHAiOjE2Njk1OTM0MDF9.KB-xkKY0br4BEYo3dd3B9UaTACU1SgdarQcLNRH6YozYg8xmPXp6ZU9UFl-WtOtP8fdpsLnn9ZaFnLCo3j8cuQ',10135,'USER'),(5,'2022-11-20 19:56:24.655975','2022-11-21 04:33:55.648555',NULL,'google','tsi03137@gmail.com','[7기_구미_2반_이청]','청개구리','https://lh3.googleusercontent.com/a/ALm5wu0p4VASMttcjwEthK8fQhPiq_KlBV9S9WyJLNi0=s96-c','eyJhbGciOiJIUzUxMiJ9.eyJleHAiOjE2Njk1Nzc1NDZ9.5BMyGtOV4BdKuqM_zsQoCrByhVms_T1mWK0XZ6zUHfBKFi6HRHRdrPMaoEQ4M16hCzOtLshMb06BmLDbJb9Fkg',330,'USER'),(6,'2022-11-20 22:00:17.741671','2022-11-21 09:07:05.161902',NULL,'google','yosh97970@gmail.com','Joseph Yang','조셉','https://lh3.googleusercontent.com/a/ALm5wu0BgKQJioKNMa-_ybvgEY1nfTkjbiNTL9KIhHMt=s96-c','eyJhbGciOiJIUzUxMiJ9.eyJleHAiOjE2Njk1OTQwMjV9.-rcavOpgZ-tdY13fGaKxJEZTDV2mqQeNk3LKg3sk2MctOVP7a9gG3uwBRovQM4YGj8Ntlg_mMv-d3dKmGFMZ_w',170,'USER');
/*!40000 ALTER TABLE `user` ENABLE KEYS */;
UNLOCK TABLES;

--
-- Table structure for table `user_tag`
--

DROP TABLE IF EXISTS `user_tag`;
/*!40101 SET @saved_cs_client     = @@character_set_client */;
/*!50503 SET character_set_client = utf8mb4 */;
CREATE TABLE `user_tag` (
  `user_tag_seq` bigint unsigned NOT NULL AUTO_INCREMENT,
  `tag_status` varchar(10) COLLATE utf8mb4_unicode_ci DEFAULT NULL,
  `tag_seq` bigint DEFAULT NULL,
  `user_seq` bigint unsigned DEFAULT NULL,
  PRIMARY KEY (`user_tag_seq`),
  KEY `FKr5lwefvy8vos2ti9krtv5r92q` (`tag_seq`),
  KEY `FKt0ppytpuef1uiguwuijviebqf` (`user_seq`),
  CONSTRAINT `FKr5lwefvy8vos2ti9krtv5r92q` FOREIGN KEY (`tag_seq`) REFERENCES `tag` (`tag_seq`),
  CONSTRAINT `FKt0ppytpuef1uiguwuijviebqf` FOREIGN KEY (`user_seq`) REFERENCES `user` (`user_seq`)
) ENGINE=InnoDB AUTO_INCREMENT=6 DEFAULT CHARSET=utf8mb4 COLLATE=utf8mb4_unicode_ci;
/*!40101 SET character_set_client = @saved_cs_client */;

--
-- Dumping data for table `user_tag`
--

LOCK TABLES `user_tag` WRITE;
/*!40000 ALTER TABLE `user_tag` DISABLE KEYS */;
INSERT INTO `user_tag` VALUES (5,'WATCHED',1,6);
/*!40000 ALTER TABLE `user_tag` ENABLE KEYS */;
UNLOCK TABLES;
/*!40103 SET TIME_ZONE=@OLD_TIME_ZONE */;

/*!40101 SET SQL_MODE=@OLD_SQL_MODE */;
/*!40014 SET FOREIGN_KEY_CHECKS=@OLD_FOREIGN_KEY_CHECKS */;
/*!40014 SET UNIQUE_CHECKS=@OLD_UNIQUE_CHECKS */;
/*!40101 SET CHARACTER_SET_CLIENT=@OLD_CHARACTER_SET_CLIENT */;
/*!40101 SET CHARACTER_SET_RESULTS=@OLD_CHARACTER_SET_RESULTS */;
/*!40101 SET COLLATION_CONNECTION=@OLD_COLLATION_CONNECTION */;
/*!40111 SET SQL_NOTES=@OLD_SQL_NOTES */;

-- Dump completed on 2022-11-21  9:09:42
